event_uuid,user_uuid,event_time,age,session_uuid,experiment_group,user_neighborhood,event_type
b9e9489e-1218-4715-b42e-604e3745db07,8191a8b8-9445-4661-9500-2bed275576f6,2019-10-06 05:34:23,40-49,2d7b8da3-573a-447f-9964-acf32526b1db,experiment_1,Manhattan,open
a4ff8e2c-2701-4a32-9029-bdf6efc155c5,8191a8b8-9445-4661-9500-2bed275576f6,2019-10-06 05:36:45,40-49,2d7b8da3-573a-447f-9964-acf32526b1db,experiment_1,Manhattan,#_of_users
41b4f6b1-cc14-4c77-a520-50c1cb9cd592,8191a8b8-9445-4661-9500-2bed275576f6,2019-10-06 05:37:31,40-49,2d7b8da3-573a-447f-9964-acf32526b1db,experiment_1,Manhattan,search
73b945e9-691e-4e63-aa4d-da2f74599388,8191a8b8-9445-4661-9500-2bed275576f6,2019-10-12 06:27:13,40-49,8a08005b-7e74-4664-b25d-9e29d8316d71,experiment_1,Manhattan,open
a070700c-8bd9-4b5a-9325-e029fda604c7,8191a8b8-9445-4661-9500-2bed275576f6,2019-10-12 06:28:10,40-49,8a08005b-7e74-4664-b25d-9e29d8316d71,experiment_1,Manhattan,#_of_users
c3fd6250-31fb-46a1-88fb-d96020471c7f,8191a8b8-9445-4661-9500-2bed275576f6,2019-10-09 00:46:30,50+,6d55a221-ee9f-48ce-b3ca-51a9ad6a8371,control,Manhattan,open
98550f80-5808-43e7-8d4a-aeb10d1e024f,dd9cf5d1-c982-4110-a035-5339b16442ed,2019-10-06 15:28:47,50+,46c01c2f-153c-47c4-ab70-d238425d5678,control,Manhattan,open
f47b7373-3714-42b9-8c40-883625c55ebc,dd9cf5d1-c982-4110-a035-5339b16442ed,2019-10-10 21:57:43,50+,f6bf7983-ce29-4831-9062-8fd2858dc955,experiment_1,Manhattan,open
358415d5-018a-4fa0-be38-82908539daf2,35bbcaf0-1f6f-4f54-a883-197c6f034f4c,2019-10-10 23:36:06,50+,fbd2bafa-8d98-4ab1-b81e-7388c51f5359,experiment_2,Brooklyn,open
5afb4384-00bf-4eae-be60-697342fddce4,35bbcaf0-1f6f-4f54-a883-197c6f034f4c,2019-10-10 23:37:36,50+,fbd2bafa-8d98-4ab1-b81e-7388c51f5359,experiment_2,Brooklyn,#_of_users
132e8b67-eb21-4a28-b188-7972a9de5740,35bbcaf0-1f6f-4f54-a883-197c6f034f4c,2019-10-08 12:37:03,18-29,19ce0017-d78a-4028-9bf6-e162cd294544,experiment_3,Brooklyn,open
1dba5be7-a117-4a5a-84d4-61966a2d6e2e,35bbcaf0-1f6f-4f54-a883-197c6f034f4c,2019-10-08 12:37:57,18-29,19ce0017-d78a-4028-9bf6-e162cd294544,experiment_3,Brooklyn,#_of_users
531f6d7b-0bf5-4156-9015-70c3c8740856,35bbcaf0-1f6f-4f54-a883-197c6f034f4c,2019-10-08 12:38:26,18-29,19ce0017-d78a-4028-9bf6-e162cd294544,experiment_3,Brooklyn,search
b9e55ef5-7b71-4907-a813-01fa819487c0,35bbcaf0-1f6f-4f54-a883-197c6f034f4c,2019-10-11 03:29:16,50+,53a61bbd-a837-48df-95ed-9115c376edfd,experiment_3,Brooklyn,open
c798774a-f025-4e73-b213-90854cb72a9c,35bbcaf0-1f6f-4f54-a883-197c6f034f4c,2019-10-11 03:30:10,50+,53a61bbd-a837-48df-95ed-9115c376edfd,experiment_3,Brooklyn,#_of_users
1ad357b0-2fbc-473c-ba56-2ff6b45d5ab5,35bbcaf0-1f6f-4f54-a883-197c6f034f4c,2019-10-06 03:27:57,50+,b0140303-218a-49fd-a96b-feaaa2ec2ff7,experiment_2,Brooklyn,open
9ad9704c-3dc5-40d8-a817-de181db08822,02b1a7e2-807b-40b1-b26d-106a907e27e8,2019-10-05 14:24:28,50+,7627a6a4-1c26-4d12-b399-1c236bae4439,control,Manhattan,open
496645ce-da07-4359-9eeb-187487b4ca30,7c76bfe6-b98f-43d4-950f-f2cb027beb4c,2019-10-09 05:52:25,40-49,63b6ac65-dcf1-42fb-83c1-6222f8ac2f81,experiment_3,Manhattan,open
41425262-942d-45e9-a81a-f059b87fd535,7c76bfe6-b98f-43d4-950f-f2cb027beb4c,2019-10-09 05:52:31,40-49,63b6ac65-dcf1-42fb-83c1-6222f8ac2f81,experiment_3,Manhattan,#_of_users
14d75a74-e729-44b0-b20f-7441a1a1b589,7c76bfe6-b98f-43d4-950f-f2cb027beb4c,2019-10-09 05:53:33,40-49,63b6ac65-dcf1-42fb-83c1-6222f8ac2f81,experiment_3,Manhattan,search
4405ae52-df1d-48b1-92f8-35330002dc4c,7c76bfe6-b98f-43d4-950f-f2cb027beb4c,2019-10-09 05:03:13,40-49,f4630ffd-ea02-439d-aacc-cc9e8f50c0e6,experiment_3,Manhattan,open
864b20bb-154e-4b19-b716-8b264f83b93f,39ffa0ee-7540-49c7-b71f-8fd92028846c,2019-10-11 08:23:09,50+,be461571-d66a-4421-b2eb-49556a9f3172,experiment_1,Manhattan,open
47241e1b-e9dc-47a0-8a86-d89b8be0616a,39ffa0ee-7540-49c7-b71f-8fd92028846c,2019-10-11 08:23:52,50+,be461571-d66a-4421-b2eb-49556a9f3172,experiment_1,Manhattan,#_of_users
f083b7ed-a102-4cec-aff8-d1e4c84a62ac,39ffa0ee-7540-49c7-b71f-8fd92028846c,2019-10-08 17:22:15,50+,7ab446c2-0de2-41b3-9b2b-17e02d36554e,control,Manhattan,open
5e87a1ae-e004-4007-b324-a4cbad467397,39ffa0ee-7540-49c7-b71f-8fd92028846c,2019-10-08 17:22:43,50+,7ab446c2-0de2-41b3-9b2b-17e02d36554e,control,Manhattan,#_of_users
9260858c-a5f3-43bb-8684-c8790c934068,39ffa0ee-7540-49c7-b71f-8fd92028846c,2019-10-08 17:23:50,50+,7ab446c2-0de2-41b3-9b2b-17e02d36554e,control,Manhattan,search
d6a96c03-8466-45ac-bf3a-f110dc8b277e,39ffa0ee-7540-49c7-b71f-8fd92028846c,2019-10-08 15:23:30,50+,b99a4400-6448-4e1b-9a4a-7772e802eff5,experiment_1,Manhattan,open
5d8c7396-8070-47b8-96e5-8339c67324bb,39ffa0ee-7540-49c7-b71f-8fd92028846c,2019-10-08 08:25:48,30-39,ef0b67a6-c20f-4035-867e-39441501e748,control,Manhattan,open
f66b7dc8-1bf1-4ad5-980a-c78a852de500,dbbbeebd-9379-4a6e-860a-6591590e4b8f,2019-10-08 23:21:15,50+,0ad7caf1-2a15-4528-8aa5-e13dd0bb75a2,control,Manhattan,open
10639db0-d097-49e0-b5cf-2e7f5b349624,dbbbeebd-9379-4a6e-860a-6591590e4b8f,2019-10-11 08:42:14,50+,39ebaedd-7af3-4a69-914f-08f9978d507f,control,Manhattan,open
19b0ebf9-5207-4536-842f-4c5ec6c2ecd9,f712c399-6419-41d0-8145-f4aac2b8354c,2019-10-07 13:03:32,50+,68c805d5-0061-4a75-be4a-199613060683,control,Manhattan,open
159c37ca-f14f-48c3-8918-2b2b794fa9d9,f712c399-6419-41d0-8145-f4aac2b8354c,2019-10-07 13:04:22,50+,68c805d5-0061-4a75-be4a-199613060683,control,Manhattan,#_of_users
b129e361-b49a-4355-ba10-f088b615118e,f712c399-6419-41d0-8145-f4aac2b8354c,2019-10-07 13:04:48,50+,68c805d5-0061-4a75-be4a-199613060683,control,Manhattan,search
39c40423-e6e3-4bdf-b40f-56efb2534f0c,f712c399-6419-41d0-8145-f4aac2b8354c,2019-10-10 23:14:52,50+,e5a58a4e-bc3a-496d-8672-1fcfc436a6bc,control,Manhattan,open
ee9087e0-9cef-4e9f-b0e7-1572528d2341,f712c399-6419-41d0-8145-f4aac2b8354c,2019-10-10 23:14:52,50+,e5a58a4e-bc3a-496d-8672-1fcfc436a6bc,control,Manhattan,#_of_users
beac2d61-22b8-47b6-aaa7-7672a1d353de,f712c399-6419-41d0-8145-f4aac2b8354c,2019-10-06 16:26:51,50+,f9d9821b-c24a-4da8-b167-d31f4e7eff3f,control,Manhattan,open
4f1a8d76-2df4-4e46-9aad-a0072b4e2c84,ca2f76c9-bfc2-4996-8a12-a6ea47ffa139,2019-10-08 15:45:59,30-39,c81deb04-9fd7-4ae9-b7d6-cd6915b57c6a,experiment_3,Brooklyn,open
fa17baea-977a-4753-a57d-5c2cf1b795d7,ca2f76c9-bfc2-4996-8a12-a6ea47ffa139,2019-10-06 05:56:09,30-39,9820c44a-7ac7-4799-81f7-bb8464eac62a,experiment_3,Brooklyn,open
cab4ab1e-e075-49fb-8c6c-8d4ddd0d153b,f393cd84-9555-4a34-8809-ddb44157a078,2019-10-07 14:25:07,18-29,9f7bf6d4-6dab-4529-9225-4dc46280aa2f,experiment_2,Manhattan,open
9fb70b16-8fca-45f6-a4c2-73adf001b7b5,f393cd84-9555-4a34-8809-ddb44157a078,2019-10-07 21:02:16,40-49,86d47dea-bfbe-487c-9af3-1fe7088c022c,experiment_3,Manhattan,open
bc6cdd3a-c0c1-4f34-94f5-687a1f0e39ad,f393cd84-9555-4a34-8809-ddb44157a078,2019-10-10 21:11:17,40-49,32cc3ce8-1885-4696-ad0c-2a68feb87d39,experiment_3,Manhattan,open
f49e00f9-0beb-442b-af34-7ee4bdd75848,f393cd84-9555-4a34-8809-ddb44157a078,2019-10-10 21:12:46,40-49,32cc3ce8-1885-4696-ad0c-2a68feb87d39,experiment_3,Manhattan,#_of_users
964cea20-a34b-4876-b55a-347ee495d54c,f393cd84-9555-4a34-8809-ddb44157a078,2019-10-10 21:13:32,40-49,32cc3ce8-1885-4696-ad0c-2a68feb87d39,experiment_3,Manhattan,search
8dc20f20-a103-4944-b9f6-d94908820bce,f74d0be4-2c75-4fc2-aaaa-3f25dac5a7b9,2019-10-06 02:45:23,18-29,2d346aeb-4f4f-4119-a6a4-b0f3a149a3fc,experiment_3,Manhattan,open
900b89f5-7801-47a2-9075-8c3254b667ee,d71e2260-94e4-43c9-9b7e-a2e813c8665a,2019-10-06 23:34:57,50+,b481deca-a17c-44d0-a556-72391a6d8348,experiment_1,Manhattan,open
15f341c4-2c47-48eb-9cf1-c2afe934af9e,d71e2260-94e4-43c9-9b7e-a2e813c8665a,2019-10-06 23:35:30,50+,b481deca-a17c-44d0-a556-72391a6d8348,experiment_1,Manhattan,#_of_users
df34ea6b-6013-42e2-92ea-caa1115340a3,4d373481-722e-42a9-9ecf-25ecf3cad2e9,2019-10-08 00:54:56,40-49,d7ba83a2-be3b-4925-bdc5-81d580720d67,experiment_1,Manhattan,open
1899667e-992f-4fcc-8c02-fd881f8bb24c,4d373481-722e-42a9-9ecf-25ecf3cad2e9,2019-10-08 00:55:51,40-49,d7ba83a2-be3b-4925-bdc5-81d580720d67,experiment_1,Manhattan,#_of_users
fe79390e-551f-4e4e-8e6e-cd9f723ff67c,4d373481-722e-42a9-9ecf-25ecf3cad2e9,2019-10-08 00:56:17,40-49,d7ba83a2-be3b-4925-bdc5-81d580720d67,experiment_1,Manhattan,search
4a2d894e-53ea-4efa-891f-55aa9a8dac18,4d373481-722e-42a9-9ecf-25ecf3cad2e9,2019-10-08 09:06:17,40-49,2c81290b-9963-4838-90a9-24da872996eb,experiment_1,Manhattan,open
5900659f-3163-4ef5-a026-243c0a2f959e,4d373481-722e-42a9-9ecf-25ecf3cad2e9,2019-10-08 09:06:29,40-49,2c81290b-9963-4838-90a9-24da872996eb,experiment_1,Manhattan,#_of_users
8d4085b3-cf7b-445f-8200-46fb7433aec4,4d373481-722e-42a9-9ecf-25ecf3cad2e9,2019-10-08 09:07:39,40-49,2c81290b-9963-4838-90a9-24da872996eb,experiment_1,Manhattan,search
04a0b124-0651-40cc-937f-3b01a969e807,6e701b80-1fb0-4347-b33f-1d9494e912ee,2019-10-06 18:08:36,18-29,867bfe98-4adf-47cc-a332-71d6da50d88d,experiment_3,Manhattan,open
e13bf851-a9ab-42d7-827b-d22a8e2bf2e5,6e701b80-1fb0-4347-b33f-1d9494e912ee,2019-10-06 18:09:40,18-29,867bfe98-4adf-47cc-a332-71d6da50d88d,experiment_3,Manhattan,#_of_users
776e724e-0cbc-457a-b399-1f233238f0f0,6e701b80-1fb0-4347-b33f-1d9494e912ee,2019-10-08 10:35:33,50+,924d1b08-6bf3-479b-8425-ad14ccd5ea11,experiment_3,Manhattan,open
8a3215f6-c39e-474e-be26-839c9b4a7c89,6e701b80-1fb0-4347-b33f-1d9494e912ee,2019-10-05 13:59:12,30-39,aa86e640-da5a-4ee9-a94f-c9da17787696,experiment_2,Manhattan,open
ab2a71a4-194b-4649-8d88-4d2fbd81aa11,6e701b80-1fb0-4347-b33f-1d9494e912ee,2019-10-05 13:59:23,30-39,aa86e640-da5a-4ee9-a94f-c9da17787696,experiment_2,Manhattan,#_of_users
aa1ed883-47b4-485e-9161-c1b5fadef62b,6e701b80-1fb0-4347-b33f-1d9494e912ee,2019-10-05 13:59:48,30-39,aa86e640-da5a-4ee9-a94f-c9da17787696,experiment_2,Manhattan,search
495dc7a2-0728-4dc8-a164-d2079acdd93a,6e701b80-1fb0-4347-b33f-1d9494e912ee,2019-10-07 07:01:39,50+,62c3baa6-5a54-4de3-9db0-1e00b7366d5f,experiment_3,Manhattan,open
d4a71aae-101a-4b30-9f4a-ab2554cceb3f,6e701b80-1fb0-4347-b33f-1d9494e912ee,2019-10-07 07:03:54,50+,62c3baa6-5a54-4de3-9db0-1e00b7366d5f,experiment_3,Manhattan,#_of_users
454607ee-d830-4b0c-8d75-182e45c2e7ef,6e701b80-1fb0-4347-b33f-1d9494e912ee,2019-10-07 07:04:42,50+,62c3baa6-5a54-4de3-9db0-1e00b7366d5f,experiment_3,Manhattan,search
2e316bb5-fb26-4f44-9463-3a56bc2e2312,6e701b80-1fb0-4347-b33f-1d9494e912ee,2019-10-09 21:04:51,50+,a3f09efb-0d5b-4b82-a864-d8459470811c,experiment_3,Manhattan,open
44de5eb6-f66b-4352-b22b-8b80c59d2421,6e701b80-1fb0-4347-b33f-1d9494e912ee,2019-10-09 21:06:06,50+,a3f09efb-0d5b-4b82-a864-d8459470811c,experiment_3,Manhattan,#_of_users
5da43309-98e8-4c98-824d-1a46512d73d3,49d54546-55bd-4ee3-b750-3d90a0ca2f37,2019-10-09 02:55:12,18-29,ee496c06-a4f2-4b4a-91f7-ae3c0b078c18,control,Manhattan,open
88de1999-3dc9-4572-9395-ec169be4d8ef,49d54546-55bd-4ee3-b750-3d90a0ca2f37,2019-10-12 05:36:00,50+,e095808d-e9e9-4cbe-913d-d31326bd27ca,control,Manhattan,open
a740b2f5-ebad-4a4d-a3f3-a2c7e8f90186,024620e5-9a7c-416b-9af4-e6fc3dffe170,2019-10-12 05:03:35,40-49,dfab667e-4fd0-4660-bb0e-ee9038597d5d,experiment_2,Brooklyn,open
7c1fa3f9-62fd-4d9d-8998-7e48f641b4fc,024620e5-9a7c-416b-9af4-e6fc3dffe170,2019-10-07 07:23:15,30-39,b1aaf9d1-c618-4612-8497-925ebe4e74f2,experiment_2,Brooklyn,open
e1b662b9-9402-4d92-8744-5500b99c96cd,024620e5-9a7c-416b-9af4-e6fc3dffe170,2019-10-07 07:23:59,30-39,b1aaf9d1-c618-4612-8497-925ebe4e74f2,experiment_2,Brooklyn,#_of_users
66821738-a076-4dde-9f9a-185bc30214f9,024620e5-9a7c-416b-9af4-e6fc3dffe170,2019-10-07 07:25:37,30-39,b1aaf9d1-c618-4612-8497-925ebe4e74f2,experiment_2,Brooklyn,search
bbc2d868-27b1-4794-84d8-94fda5208e17,aa36fbf4-ce46-47f5-8937-9531b88b5872,2019-10-10 17:46:45,30-39,0af36279-299c-4035-a2e9-af77e5b12980,experiment_1,Brooklyn,open
8ef4081e-e2e1-4677-ae2b-9a80524dc1ef,aa36fbf4-ce46-47f5-8937-9531b88b5872,2019-10-10 17:47:24,30-39,0af36279-299c-4035-a2e9-af77e5b12980,experiment_1,Brooklyn,#_of_users
b52e615b-1c0a-466c-97b4-ad6d1674b642,aa36fbf4-ce46-47f5-8937-9531b88b5872,2019-10-10 17:50:10,30-39,0af36279-299c-4035-a2e9-af77e5b12980,experiment_1,Brooklyn,search
61df82eb-7a01-4a8a-a9f1-864214656328,aa36fbf4-ce46-47f5-8937-9531b88b5872,2019-10-09 16:46:42,50+,b3e8a3f7-e3e4-4373-8019-1b1d19010c97,control,Brooklyn,open
21149122-e969-4771-a299-a56d52f3eab9,aa36fbf4-ce46-47f5-8937-9531b88b5872,2019-10-09 16:47:32,50+,b3e8a3f7-e3e4-4373-8019-1b1d19010c97,control,Brooklyn,#_of_users
02dbde76-3942-4ae3-89e1-8ef6c93e134d,aa36fbf4-ce46-47f5-8937-9531b88b5872,2019-10-09 16:48:34,50+,b3e8a3f7-e3e4-4373-8019-1b1d19010c97,control,Brooklyn,search
8ff815bc-fa73-482b-98b3-45959408e2c4,ebb1b302-1cd8-4e43-bd50-7771f8a3240e,2019-10-07 11:40:20,30-39,baf11128-9561-4a38-a2a9-d01793dae039,experiment_3,Manhattan,open
e8f784e0-b0a5-43ab-a1e7-f90d7dc65ae7,ebb1b302-1cd8-4e43-bd50-7771f8a3240e,2019-10-07 11:40:53,30-39,baf11128-9561-4a38-a2a9-d01793dae039,experiment_3,Manhattan,#_of_users
4a6b886f-5588-4ae5-8b4b-4f1d656afdaa,ebb1b302-1cd8-4e43-bd50-7771f8a3240e,2019-10-07 11:41:27,30-39,baf11128-9561-4a38-a2a9-d01793dae039,experiment_3,Manhattan,search
80cdbfec-0581-40be-85b0-a4245e1dd3ad,ebb1b302-1cd8-4e43-bd50-7771f8a3240e,2019-10-06 23:42:32,40-49,e0a417eb-d193-4467-9af2-8213d8fe9775,experiment_2,Manhattan,open
e3bfb246-0217-4513-b9b5-346f17872ca1,ebb1b302-1cd8-4e43-bd50-7771f8a3240e,2019-10-06 22:06:51,30-39,59597c5c-2458-4065-8be0-1aaab3c030a7,experiment_2,Manhattan,open
04486ecc-72c4-45c5-b8ce-24b80b01485a,ebb1b302-1cd8-4e43-bd50-7771f8a3240e,2019-10-06 22:08:34,30-39,59597c5c-2458-4065-8be0-1aaab3c030a7,experiment_2,Manhattan,#_of_users
7df57d33-8d4c-44d4-a8da-51191b33b9b0,ae4befdd-2d48-4594-bd71-ae653def9c5c,2019-10-06 07:39:11,30-39,45f43dce-434d-46c3-9d84-026a491c88b9,control,Manhattan,open
165147c1-9f8e-4106-a8e2-eb83b65f54e1,ae4befdd-2d48-4594-bd71-ae653def9c5c,2019-10-06 07:39:20,30-39,45f43dce-434d-46c3-9d84-026a491c88b9,control,Manhattan,#_of_users
18bfb1ed-cc22-4650-bace-d005bdab53af,ae4befdd-2d48-4594-bd71-ae653def9c5c,2019-10-06 07:39:59,30-39,45f43dce-434d-46c3-9d84-026a491c88b9,control,Manhattan,search
26547d0b-008c-4b8d-ad11-5fca552b2347,ae4befdd-2d48-4594-bd71-ae653def9c5c,2019-10-11 04:49:53,50+,79459a32-7d12-4f46-904b-30330b0d9284,control,Manhattan,open
b031e54f-499c-4ae7-ad50-8274c5132d52,ae4befdd-2d48-4594-bd71-ae653def9c5c,2019-10-10 16:14:15,50+,46b09c7a-71aa-4e0f-9494-bafbb042b233,control,Manhattan,open
c37e5340-cc0e-4bc3-8f0e-1dd782abae61,ae4befdd-2d48-4594-bd71-ae653def9c5c,2019-10-10 16:14:46,50+,46b09c7a-71aa-4e0f-9494-bafbb042b233,control,Manhattan,#_of_users
7380b688-dd95-4f46-a70c-2933f48279da,ae4befdd-2d48-4594-bd71-ae653def9c5c,2019-10-05 16:41:57,40-49,1c5e7cec-c063-4dfb-bf3b-b74d9cacd6f2,control,Manhattan,open
f5ea21a4-eb44-4d6b-9477-d084563ba6d2,ae4befdd-2d48-4594-bd71-ae653def9c5c,2019-10-08 21:35:40,50+,83836569-2c93-4bae-a27d-09d8d131538d,control,Manhattan,open
a85a4b46-b41b-4d79-92ce-c4e866eb3728,c0a3dbd7-ffc6-471e-adbc-3f0bb3ac401e,2019-10-11 14:48:33,50+,24c8be69-e2a2-4240-b2fb-fd75d2dcb582,experiment_2,Manhattan,open
03a7eb79-549a-46c9-969a-2b0fe90065d3,c0a3dbd7-ffc6-471e-adbc-3f0bb3ac401e,2019-10-11 21:36:06,50+,4e033098-bdb5-4288-a1e7-eac026050094,experiment_3,Manhattan,open
4260827a-a51a-4123-8e23-e9a8660e225e,c0a3dbd7-ffc6-471e-adbc-3f0bb3ac401e,2019-10-11 21:36:52,50+,4e033098-bdb5-4288-a1e7-eac026050094,experiment_3,Manhattan,#_of_users
51377c1f-12b9-4ea6-b3a7-a358d50d4949,c0a3dbd7-ffc6-471e-adbc-3f0bb3ac401e,2019-10-11 21:38:55,50+,4e033098-bdb5-4288-a1e7-eac026050094,experiment_3,Manhattan,search
240e9c0d-0665-4cea-b79e-819637863084,c0a3dbd7-ffc6-471e-adbc-3f0bb3ac401e,2019-10-07 20:31:49,18-29,86d95c7a-418c-42e4-8cd0-76c6c913bfd8,experiment_3,Manhattan,open
4c9d365f-cded-43b3-b54c-55d813480d9f,c0a3dbd7-ffc6-471e-adbc-3f0bb3ac401e,2019-10-12 09:10:45,50+,f8e2b279-6be8-4791-8acc-ed89f189ec06,experiment_2,Manhattan,open
4aab831e-707e-4021-b212-13384e50eed2,2b0125cd-c7c1-4c4e-9134-806a4e9cc72a,2019-10-07 15:46:45,50+,81c68213-00c7-43dd-839e-17f0668f2f85,experiment_2,Manhattan,open
d7374ea4-f017-4cce-82cd-de0cce0b6a34,2b0125cd-c7c1-4c4e-9134-806a4e9cc72a,2019-10-07 15:47:49,50+,81c68213-00c7-43dd-839e-17f0668f2f85,experiment_2,Manhattan,#_of_users
b61baca9-611d-43de-b3ad-1ede9f16851b,2b0125cd-c7c1-4c4e-9134-806a4e9cc72a,2019-10-07 15:48:22,50+,81c68213-00c7-43dd-839e-17f0668f2f85,experiment_2,Manhattan,search
1b9cd1f2-d5f6-4554-a388-e2d0ee3f4773,2b0125cd-c7c1-4c4e-9134-806a4e9cc72a,2019-10-07 19:40:04,40-49,fa69190b-20f0-4268-afd9-44bc3fa493f4,experiment_2,Manhattan,open
0f1ae597-0304-47b0-8f74-a0c4e4f2c308,2b0125cd-c7c1-4c4e-9134-806a4e9cc72a,2019-10-11 23:33:27,18-29,0effccb9-5701-4f55-b73b-1e59da5b3865,experiment_3,Manhattan,open
4f61bfcc-9e49-4ddd-a6ca-f8ef7b6c6906,2b0125cd-c7c1-4c4e-9134-806a4e9cc72a,2019-10-11 23:34:17,18-29,0effccb9-5701-4f55-b73b-1e59da5b3865,experiment_3,Manhattan,#_of_users
fa98b1e9-a831-429a-8883-162d54a77cf8,2b0125cd-c7c1-4c4e-9134-806a4e9cc72a,2019-10-11 23:36:06,18-29,0effccb9-5701-4f55-b73b-1e59da5b3865,experiment_3,Manhattan,search
6ae8aa84-b9a7-461a-ab43-892422ce053b,2b0125cd-c7c1-4c4e-9134-806a4e9cc72a,2019-10-05 13:49:57,40-49,32bab54f-599f-44c9-853f-0eceb8a2e934,experiment_2,Manhattan,open
cb70f798-ee6d-4cc7-a8db-a509167db66d,2b0125cd-c7c1-4c4e-9134-806a4e9cc72a,2019-10-05 13:50:09,40-49,32bab54f-599f-44c9-853f-0eceb8a2e934,experiment_2,Manhattan,#_of_users
4f316a19-72f0-4c98-a659-845f9cd1a103,2b0125cd-c7c1-4c4e-9134-806a4e9cc72a,2019-10-05 13:52:43,40-49,32bab54f-599f-44c9-853f-0eceb8a2e934,experiment_2,Manhattan,search
978fa7b8-a180-45c8-87f9-286b995ca95d,fec778d9-2f5e-49f4-906e-330ddca8686a,2019-10-11 22:15:33,50+,e251bb3f-d3e3-46f4-a7e8-40be5495fd90,experiment_1,Manhattan,open
2230e0b7-c28d-431c-8cbf-844f2f30bc07,fec778d9-2f5e-49f4-906e-330ddca8686a,2019-10-11 22:17:15,50+,e251bb3f-d3e3-46f4-a7e8-40be5495fd90,experiment_1,Manhattan,#_of_users
0ab37138-7a5e-46aa-b23c-8e1ea681c278,fec778d9-2f5e-49f4-906e-330ddca8686a,2019-10-11 22:19:00,50+,e251bb3f-d3e3-46f4-a7e8-40be5495fd90,experiment_1,Manhattan,search
a932ade6-8a56-4e77-a430-c10c3e2f9de9,a4005985-bcd2-4c5e-b7a7-5f84c91333a4,2019-10-07 12:31:33,40-49,45ef4024-95aa-4850-add0-48f4b6827efa,experiment_1,Brooklyn,open
1642e1e8-fcb2-40a0-a493-657aa3098289,a4005985-bcd2-4c5e-b7a7-5f84c91333a4,2019-10-12 01:56:43,50+,da1c65f1-b9ae-46de-8630-ac808d5e878a,experiment_1,Brooklyn,open
50d5ba5f-47c1-4814-b845-0f0721ed502e,a4005985-bcd2-4c5e-b7a7-5f84c91333a4,2019-10-12 01:57:55,50+,da1c65f1-b9ae-46de-8630-ac808d5e878a,experiment_1,Brooklyn,#_of_users
2d328324-3640-4f5c-bedc-6882f71aebcd,a4005985-bcd2-4c5e-b7a7-5f84c91333a4,2019-10-12 01:58:07,50+,da1c65f1-b9ae-46de-8630-ac808d5e878a,experiment_1,Brooklyn,search
eb3ec963-a1c6-4bc3-973a-99a8c36cca77,a4005985-bcd2-4c5e-b7a7-5f84c91333a4,2019-10-08 01:45:12,40-49,e148b02c-7c9b-45a0-8b09-b543a19442ea,control,Brooklyn,open
b6a7ee52-66c8-49cf-8d73-ff6b7727d483,a4005985-bcd2-4c5e-b7a7-5f84c91333a4,2019-10-08 01:45:26,40-49,e148b02c-7c9b-45a0-8b09-b543a19442ea,control,Brooklyn,#_of_users
6d7d211f-7936-4733-902e-561907089879,ced5834e-9d2b-4888-ae3a-1e7eb883b4da,2019-10-07 22:56:21,30-39,3f1ed1c4-94cb-4444-ae7d-cdf4a7dc83c7,experiment_2,Manhattan,open
8e17dcd2-0487-4903-8d3a-09116b9d27a4,ced5834e-9d2b-4888-ae3a-1e7eb883b4da,2019-10-08 09:53:41,50+,50b58f3a-c26b-474a-bb65-bd6576502f03,experiment_2,Manhattan,open
7b244f15-c69b-4162-99be-ed02801bae87,ced5834e-9d2b-4888-ae3a-1e7eb883b4da,2019-10-08 09:54:58,50+,50b58f3a-c26b-474a-bb65-bd6576502f03,experiment_2,Manhattan,#_of_users
275b9176-c1db-4a49-b054-aaf8cea2bf66,ced5834e-9d2b-4888-ae3a-1e7eb883b4da,2019-10-08 09:56:29,50+,50b58f3a-c26b-474a-bb65-bd6576502f03,experiment_2,Manhattan,search
34e7fbd3-3b5d-492f-ba91-c915879df332,ced5834e-9d2b-4888-ae3a-1e7eb883b4da,2019-10-11 19:32:21,50+,97987145-ea32-4577-b6b4-e3cc0e44591d,experiment_3,Manhattan,open
ef04c28f-e5df-4c92-bcfc-2cbf15f654e4,85bec8bb-320b-4727-804e-dd7ecee26178,2019-10-07 12:41:29,50+,75f8a38c-e7ca-4e4e-b145-17caff7cbda1,experiment_3,Manhattan,open
10d72560-d228-4124-92b5-c010cd37defa,85bec8bb-320b-4727-804e-dd7ecee26178,2019-10-07 12:42:19,50+,75f8a38c-e7ca-4e4e-b145-17caff7cbda1,experiment_3,Manhattan,#_of_users
565d64f4-6f13-4b1f-a1ad-220f908a7aa4,85bec8bb-320b-4727-804e-dd7ecee26178,2019-10-08 15:25:00,18-29,f7ccbaad-a1f2-4494-9de6-8cd6f6ff165a,experiment_2,Manhattan,open
30dce095-6235-487d-a65e-8bb9703c0943,85bec8bb-320b-4727-804e-dd7ecee26178,2019-10-08 15:28:29,18-29,f7ccbaad-a1f2-4494-9de6-8cd6f6ff165a,experiment_2,Manhattan,#_of_users
1bf7b4ba-e316-4797-9630-c64a2b91ce51,85bec8bb-320b-4727-804e-dd7ecee26178,2019-10-11 22:44:57,50+,51e418d1-147a-42a0-8545-82000bffad26,experiment_2,Manhattan,open
9620df92-b178-41b7-b1d8-fba010589464,85bec8bb-320b-4727-804e-dd7ecee26178,2019-10-11 08:59:04,30-39,d910b34c-9221-4272-af18-8c65179d8446,experiment_2,Manhattan,open
d7179174-3314-4319-a5dc-39a07a2cd355,8d911bfe-25c0-4afb-a811-ba634160aab8,2019-10-10 22:31:40,40-49,187f2f76-00e1-4dde-8310-1eb01adf35de,experiment_1,Manhattan,open
904e4e04-3725-4e4f-b729-6adb1aaca9f4,8d911bfe-25c0-4afb-a811-ba634160aab8,2019-10-10 22:31:58,40-49,187f2f76-00e1-4dde-8310-1eb01adf35de,experiment_1,Manhattan,#_of_users
05da3d3d-321f-47a2-a857-888a734ca645,8d911bfe-25c0-4afb-a811-ba634160aab8,2019-10-10 22:32:36,40-49,187f2f76-00e1-4dde-8310-1eb01adf35de,experiment_1,Manhattan,search
ac3a8130-9078-42f2-8376-2b841a157045,8d911bfe-25c0-4afb-a811-ba634160aab8,2019-10-11 10:10:26,18-29,c8403d64-b0aa-4232-9a9a-bee2834545a7,control,Manhattan,open
b8ea001c-b7f9-4aaa-b2ec-d0d938e767ec,8d911bfe-25c0-4afb-a811-ba634160aab8,2019-10-12 01:36:43,30-39,3d2c2dab-4c5a-4720-836f-355e7956d8eb,experiment_1,Manhattan,open
252eef58-5249-4058-93ac-f2476aa6825e,8d911bfe-25c0-4afb-a811-ba634160aab8,2019-10-08 04:19:13,18-29,35dfc53d-0193-4956-8fce-b8ef5e21e0a6,experiment_1,Manhattan,open
8574d7d9-e0e4-48d0-ae30-768debb9a9a8,8a9ed82c-40f6-441a-a8ec-30d451fff2eb,2019-10-11 15:24:46,18-29,35e2927a-ed90-42fb-bb69-2a577d625d74,experiment_1,Manhattan,open
f33a98e1-7518-4292-9705-a9c39832c72b,8a9ed82c-40f6-441a-a8ec-30d451fff2eb,2019-10-11 15:25:14,18-29,35e2927a-ed90-42fb-bb69-2a577d625d74,experiment_1,Manhattan,#_of_users
b715e5c7-be4b-428c-8439-2ff8cec7fd0f,8a9ed82c-40f6-441a-a8ec-30d451fff2eb,2019-10-12 09:52:44,18-29,9a86151a-0763-4ecc-9d0c-b737b7a1d7c3,control,Manhattan,open
272f4b27-3459-48eb-927d-d0e39174ace0,8a9ed82c-40f6-441a-a8ec-30d451fff2eb,2019-10-06 16:10:55,40-49,6a22221a-ff70-4ff9-8d06-be7bd0264e8e,control,Manhattan,open
86032680-88db-4763-9c5b-a453ecc2c361,8a9ed82c-40f6-441a-a8ec-30d451fff2eb,2019-10-06 16:11:26,40-49,6a22221a-ff70-4ff9-8d06-be7bd0264e8e,control,Manhattan,#_of_users
c7d9f7ca-944c-4c35-a88a-7a98e85b3dd0,8a9ed82c-40f6-441a-a8ec-30d451fff2eb,2019-10-06 16:13:37,40-49,6a22221a-ff70-4ff9-8d06-be7bd0264e8e,control,Manhattan,search
a2f0e0e3-12d8-4ad1-8da4-f5f82b2ea3ba,8a9ed82c-40f6-441a-a8ec-30d451fff2eb,2019-10-12 07:03:40,50+,b162edb2-55d1-4825-bf86-8cdf366452e1,control,Manhattan,open
eaf2ff9b-7bfb-4fd2-a8e0-dfbf04385492,a304f146-0dc3-400f-914a-5101a8d8b6c5,2019-10-09 01:08:19,18-29,eb9d3fd2-9682-485c-8e2b-1a7052eddc84,experiment_1,Manhattan,open
b246890d-eb33-48a2-8aab-0f02f213661e,a304f146-0dc3-400f-914a-5101a8d8b6c5,2019-10-12 00:34:07,50+,f39e0b2a-f196-4406-a386-de28d4f63553,control,Manhattan,open
96b9e29d-a960-42c5-a1ef-3f0451e9d316,a304f146-0dc3-400f-914a-5101a8d8b6c5,2019-10-12 00:34:39,50+,f39e0b2a-f196-4406-a386-de28d4f63553,control,Manhattan,#_of_users
a847016a-9dd5-4d0e-b0d7-1ac8fb8db06c,a304f146-0dc3-400f-914a-5101a8d8b6c5,2019-10-08 02:36:56,18-29,62f9fc92-132b-4558-8e94-e0abcc2a456f,experiment_1,Manhattan,open
4ab07c5a-868e-46ee-9bc3-51946fb4e406,a64fc7b5-96d7-4d37-ba61-18d486dc3847,2019-10-11 22:45:31,40-49,5473ccdf-e629-4488-9942-614e0989ebf1,experiment_3,Manhattan,open
fd9b4cc6-a8e4-49ed-bc63-383a3852291b,a64fc7b5-96d7-4d37-ba61-18d486dc3847,2019-10-11 22:46:05,40-49,5473ccdf-e629-4488-9942-614e0989ebf1,experiment_3,Manhattan,#_of_users
db46f869-1e7f-462b-b53c-503b0c52bb14,a64fc7b5-96d7-4d37-ba61-18d486dc3847,2019-10-11 22:46:35,40-49,5473ccdf-e629-4488-9942-614e0989ebf1,experiment_3,Manhattan,search
24d6c3b2-c33f-45bf-a367-a9449dfb4fca,a64fc7b5-96d7-4d37-ba61-18d486dc3847,2019-10-10 15:03:08,40-49,af18ca00-1399-4b4f-85ef-eba523e79d59,experiment_2,Manhattan,open
71924122-15ac-4320-ac05-b261d92047c3,a64fc7b5-96d7-4d37-ba61-18d486dc3847,2019-10-10 15:04:42,40-49,af18ca00-1399-4b4f-85ef-eba523e79d59,experiment_2,Manhattan,#_of_users
a0caf26b-b775-41b9-a985-11317559ccc1,a64fc7b5-96d7-4d37-ba61-18d486dc3847,2019-10-10 15:04:46,40-49,af18ca00-1399-4b4f-85ef-eba523e79d59,experiment_2,Manhattan,search
0c9f5922-5f74-49bf-994d-5230c237912d,3ed1f638-8b33-4de6-bf3c-f2162851e43f,2019-10-06 15:42:00,18-29,9b5f6d2f-25fd-43f1-9a0e-42a5396bf7e7,control,Manhattan,open
8de249ff-4091-466f-809a-a2a7595bb121,3ed1f638-8b33-4de6-bf3c-f2162851e43f,2019-10-07 07:24:12,50+,55515278-c9dc-496d-a4f3-b580958037a2,experiment_1,Manhattan,open
49287db6-5af5-43c3-a4db-829754cef61a,3ed1f638-8b33-4de6-bf3c-f2162851e43f,2019-10-11 23:48:40,40-49,4f56ef67-c85d-4f03-9a7b-3ecfa6322bcd,experiment_1,Manhattan,open
f3d2a6d1-4e3f-4473-88b3-8c00a55f49cc,3ed1f638-8b33-4de6-bf3c-f2162851e43f,2019-10-11 23:49:01,40-49,4f56ef67-c85d-4f03-9a7b-3ecfa6322bcd,experiment_1,Manhattan,#_of_users
5170e2c1-57df-4297-8265-a13f0b1d53e5,3ed1f638-8b33-4de6-bf3c-f2162851e43f,2019-10-11 13:02:53,50+,162ce03f-4b00-441b-8fec-5c712a6789ea,experiment_1,Manhattan,open
d22dbd32-d240-43f7-a962-9b34c58cf790,3ed1f638-8b33-4de6-bf3c-f2162851e43f,2019-10-08 06:56:46,18-29,c723ec5c-cf4a-4893-888f-5b1f4a7cea31,control,Manhattan,open
b871b25d-f4a3-42be-a59f-2fdaa485618d,7b9eafd2-5a51-42e3-ba4f-a7c1617cfa32,2019-10-10 22:23:06,50+,83d32041-1ff0-41b0-9bfb-179de6939552,control,Manhattan,open
eca14fe8-7d1b-49fc-a26b-dcddf80623e2,7b9eafd2-5a51-42e3-ba4f-a7c1617cfa32,2019-10-07 00:17:06,18-29,f57c3df9-e70f-4b86-ae11-1ea977ec638e,experiment_1,Manhattan,open
5aa9d0b6-8582-4293-9bdb-a34a0802acb9,7b9eafd2-5a51-42e3-ba4f-a7c1617cfa32,2019-10-07 00:17:19,18-29,f57c3df9-e70f-4b86-ae11-1ea977ec638e,experiment_1,Manhattan,#_of_users
fda1657c-8e81-43c4-b2ce-4ed645f92d8a,7b9eafd2-5a51-42e3-ba4f-a7c1617cfa32,2019-10-07 00:19:12,18-29,f57c3df9-e70f-4b86-ae11-1ea977ec638e,experiment_1,Manhattan,search
56f7e63a-e2ef-4128-9e0f-aba5223ad84d,7b9eafd2-5a51-42e3-ba4f-a7c1617cfa32,2019-10-06 04:51:32,40-49,e2450af1-e283-455d-9acc-32f3852b9d5d,control,Manhattan,open
b1ab4e40-ad36-4651-9be4-c4552d0463bc,7b9eafd2-5a51-42e3-ba4f-a7c1617cfa32,2019-10-06 01:43:59,18-29,4812164d-5e37-4ab1-8b74-0c591af3e466,experiment_1,Manhattan,open
38e4f3f6-efc7-4a01-b520-0ccf83d139be,7b9eafd2-5a51-42e3-ba4f-a7c1617cfa32,2019-10-11 12:24:05,50+,e7d6ddf2-091c-4610-b933-9fb7b56d8df0,control,Manhattan,open
782db957-0a97-4063-9264-b5c03da561a7,15a4c976-d9c3-48f4-9f68-a08bafdee9d6,2019-10-05 16:56:39,50+,cba91f6c-a6ef-433f-aa9f-0656aec750c2,control,Manhattan,open
b7c7b1c7-acba-4e90-9f89-290e638caecb,15a4c976-d9c3-48f4-9f68-a08bafdee9d6,2019-10-05 23:03:10,40-49,4838f385-85ac-4bb4-8124-ce3305fb646d,experiment_1,Manhattan,open
a2949982-7e39-49ed-b9cb-8fc4aee044a1,15a4c976-d9c3-48f4-9f68-a08bafdee9d6,2019-10-07 05:00:59,50+,0faa9eb4-83f5-4372-96e0-4347a7bc3a3a,control,Manhattan,open
a8f8f835-27ce-487a-8a58-b5e770d90dee,15a4c976-d9c3-48f4-9f68-a08bafdee9d6,2019-10-07 05:01:36,50+,0faa9eb4-83f5-4372-96e0-4347a7bc3a3a,control,Manhattan,#_of_users
6a9db1d9-cfd7-473c-bceb-1fa5ee5d2bcf,15a4c976-d9c3-48f4-9f68-a08bafdee9d6,2019-10-07 05:03:20,50+,0faa9eb4-83f5-4372-96e0-4347a7bc3a3a,control,Manhattan,search
96f30012-88de-4b4c-931e-1b72ecb028c5,15a4c976-d9c3-48f4-9f68-a08bafdee9d6,2019-10-09 22:02:34,50+,9ef5128d-e952-4d76-9f93-2a98a38df90a,experiment_1,Manhattan,open
5bcbef4e-ce2a-4dfb-b220-35bd83a26cca,15a4c976-d9c3-48f4-9f68-a08bafdee9d6,2019-10-07 23:47:25,50+,cca4be47-6813-4b6d-820f-63e015936bfc,experiment_1,Manhattan,open
932d01ea-651d-4551-a132-e76d015579a7,15a4c976-d9c3-48f4-9f68-a08bafdee9d6,2019-10-07 23:47:55,50+,cca4be47-6813-4b6d-820f-63e015936bfc,experiment_1,Manhattan,#_of_users
d37089a2-393e-46fd-9a7a-dae0a893306f,73086a71-d946-4795-b396-c1469bd5a1f9,2019-10-05 14:41:05,18-29,939fe7ea-1988-4a02-94c0-e352b773047a,control,Manhattan,open
6f746729-9534-4d42-b58f-378146112df8,73086a71-d946-4795-b396-c1469bd5a1f9,2019-10-09 14:31:54,40-49,6e2e2efd-cd95-4913-bd74-db90f7851cda,experiment_1,Manhattan,open
4d228ef1-264f-443e-bfa0-3aabcce5495b,73086a71-d946-4795-b396-c1469bd5a1f9,2019-10-09 14:33:26,40-49,6e2e2efd-cd95-4913-bd74-db90f7851cda,experiment_1,Manhattan,#_of_users
85e6540a-1f05-494a-9ed7-9cd60cdabecc,73086a71-d946-4795-b396-c1469bd5a1f9,2019-10-09 14:34:45,40-49,6e2e2efd-cd95-4913-bd74-db90f7851cda,experiment_1,Manhattan,search
21b161b5-55b2-42d8-a108-b70d73f6249f,3f19e0eb-db45-4fc1-a377-b14a6817118e,2019-10-06 18:02:23,50+,c2e61c00-c3d4-4371-8447-1fd7b04a69ed,experiment_1,Manhattan,open
37924da6-52e2-4454-b74d-044f8869379b,3f19e0eb-db45-4fc1-a377-b14a6817118e,2019-10-06 18:02:58,50+,c2e61c00-c3d4-4371-8447-1fd7b04a69ed,experiment_1,Manhattan,#_of_users
cfd646c3-b451-4f17-a8f2-3b09b879288e,3f19e0eb-db45-4fc1-a377-b14a6817118e,2019-10-08 01:31:16,18-29,909bd630-ed83-4a84-8ac9-7fae1ec73572,experiment_1,Manhattan,open
f5a189a6-d16e-40c7-9d75-960f220781ed,3f19e0eb-db45-4fc1-a377-b14a6817118e,2019-10-12 07:37:08,18-29,bcd42676-b20f-411a-9358-4637849ab6bb,control,Manhattan,open
847a315d-87b6-48bf-8843-a9bb545418bd,3f19e0eb-db45-4fc1-a377-b14a6817118e,2019-10-11 02:13:57,50+,24bcb4f0-ead5-4d13-84be-86bf4476798e,control,Manhattan,open
22fb59ca-35b7-4b82-86c0-4ebabbf741ac,3f19e0eb-db45-4fc1-a377-b14a6817118e,2019-10-11 02:14:59,50+,24bcb4f0-ead5-4d13-84be-86bf4476798e,control,Manhattan,#_of_users
1b18778b-bbff-404f-aa34-c4ac7b72c4dc,3f19e0eb-db45-4fc1-a377-b14a6817118e,2019-10-11 02:15:38,50+,24bcb4f0-ead5-4d13-84be-86bf4476798e,control,Manhattan,search
a6e59865-f893-4733-9674-02439dbb54f2,3f19e0eb-db45-4fc1-a377-b14a6817118e,2019-10-06 14:27:28,50+,ff024835-74b5-4ce1-986c-e8b67de4f01a,control,Manhattan,open
bb0c0709-1dc4-4f42-8679-8666eca4d1fa,3f19e0eb-db45-4fc1-a377-b14a6817118e,2019-10-06 14:27:59,50+,ff024835-74b5-4ce1-986c-e8b67de4f01a,control,Manhattan,#_of_users
51f8a656-9fc6-4e37-a06c-17f78198a2f8,2edcdeb3-8bb9-4742-88c1-b35f5a47296d,2019-10-08 07:45:52,50+,8fb2fa50-b228-48bd-bcec-3e0ca27d0014,experiment_3,Manhattan,open
e37bd133-cc5f-47c9-a15f-56b847f75e0b,2edcdeb3-8bb9-4742-88c1-b35f5a47296d,2019-10-08 07:46:20,50+,8fb2fa50-b228-48bd-bcec-3e0ca27d0014,experiment_3,Manhattan,#_of_users
d939b3bd-c208-456e-8708-0151d6606eb9,2edcdeb3-8bb9-4742-88c1-b35f5a47296d,2019-10-06 18:52:23,30-39,1557ef46-8dc9-42d3-aeae-9b7303a09b61,experiment_3,Manhattan,open
35893eb7-e98f-4d8e-b6f5-cad20c200edc,2edcdeb3-8bb9-4742-88c1-b35f5a47296d,2019-10-11 21:48:42,50+,abdcf8cb-706a-4b30-9364-45304b9d8e18,experiment_3,Manhattan,open
fa2f0ac4-c9c7-44f4-8abe-3c4eb2aa1016,2edcdeb3-8bb9-4742-88c1-b35f5a47296d,2019-10-09 15:09:37,40-49,0221daf9-4eec-4726-9263-11e093e11c14,experiment_3,Manhattan,open
534b333a-006a-4e8a-b43f-ac9f0295ce81,2edcdeb3-8bb9-4742-88c1-b35f5a47296d,2019-10-09 15:09:51,40-49,0221daf9-4eec-4726-9263-11e093e11c14,experiment_3,Manhattan,#_of_users
4e68abbf-4e48-47d2-b00d-a5473a6c85e2,2edcdeb3-8bb9-4742-88c1-b35f5a47296d,2019-10-09 15:10:42,40-49,0221daf9-4eec-4726-9263-11e093e11c14,experiment_3,Manhattan,search
85d0720a-768b-4543-bb73-f7363e4c62b5,894029b0-f224-4588-9f54-e24e36f5c540,2019-10-12 08:23:00,50+,10065100-ed55-425e-a084-88c9a940222d,experiment_1,Brooklyn,open
6de8c9e3-d890-4138-8f38-1b97b1da9605,894029b0-f224-4588-9f54-e24e36f5c540,2019-10-09 07:58:19,40-49,8b051af2-29a3-4dd8-9f54-ca95615300c1,control,Brooklyn,open
fd3320b9-f698-44df-9746-d605242c25cb,894029b0-f224-4588-9f54-e24e36f5c540,2019-10-09 07:59:23,40-49,8b051af2-29a3-4dd8-9f54-ca95615300c1,control,Brooklyn,#_of_users
3e7ea8ab-b7e4-4841-a01f-441fc2dd14eb,894029b0-f224-4588-9f54-e24e36f5c540,2019-10-09 08:01:49,40-49,8b051af2-29a3-4dd8-9f54-ca95615300c1,control,Brooklyn,search
09e86530-e847-4fd0-a7de-59b76f80d025,894029b0-f224-4588-9f54-e24e36f5c540,2019-10-08 22:53:46,50+,04e624ef-7e09-4623-9af7-1beffdbd23fb,experiment_1,Brooklyn,open
4984c119-260d-4594-86b4-812369d79b0f,894029b0-f224-4588-9f54-e24e36f5c540,2019-10-08 22:54:40,50+,04e624ef-7e09-4623-9af7-1beffdbd23fb,experiment_1,Brooklyn,#_of_users
99ed5ed9-d0c7-4899-a9ac-ff4e6d06a112,49728bcf-ff5f-44b6-998d-25f15e062fcf,2019-10-09 13:28:59,50+,b0e5d3b0-6247-4725-981e-be417db173d8,experiment_2,Queens,open
b35951e8-bbd8-491e-a450-09f536501aca,49728bcf-ff5f-44b6-998d-25f15e062fcf,2019-10-09 13:29:05,50+,b0e5d3b0-6247-4725-981e-be417db173d8,experiment_2,Queens,#_of_users
2785ad97-4f9f-4bb5-81b1-81f7a5a47a64,49728bcf-ff5f-44b6-998d-25f15e062fcf,2019-10-07 23:30:37,40-49,eaa620a6-7c0d-4de0-8d2b-ce71e5fb8238,experiment_2,Queens,open
1637ac66-e385-4e19-8aee-6ae2fb6b0a35,49728bcf-ff5f-44b6-998d-25f15e062fcf,2019-10-07 02:01:38,50+,6cd75cca-7833-490e-b885-06956accc602,experiment_3,Queens,open
77222dca-5128-4f38-ad75-2a7cfa136b08,49728bcf-ff5f-44b6-998d-25f15e062fcf,2019-10-07 02:02:23,50+,6cd75cca-7833-490e-b885-06956accc602,experiment_3,Queens,#_of_users
ea202b80-a49c-464d-89ef-f8847340bcd0,49728bcf-ff5f-44b6-998d-25f15e062fcf,2019-10-07 00:32:46,50+,d921b1d9-cf5f-4295-9d3d-f7473d515d0a,experiment_3,Queens,open
3675c56b-7a8d-43c9-9d3b-0f25bd7daa98,49728bcf-ff5f-44b6-998d-25f15e062fcf,2019-10-10 17:45:51,50+,02977a6e-99fb-4382-bcc8-89b1a00d98da,experiment_2,Queens,open
09084c6f-c2d7-4288-bc63-ac0f8bec8b70,22384943-9be9-4646-a7ac-bceb3d8742fa,2019-10-08 10:16:22,50+,923583e1-c1d6-4ac9-96bc-3eec2db8fd20,control,Queens,open
4c7624b2-0c47-4b55-b39a-87c6e4c68053,22384943-9be9-4646-a7ac-bceb3d8742fa,2019-10-08 10:16:53,50+,923583e1-c1d6-4ac9-96bc-3eec2db8fd20,control,Queens,#_of_users
7db9520a-f308-41b6-ab7a-9c5ae7b2489c,22384943-9be9-4646-a7ac-bceb3d8742fa,2019-10-08 10:18:27,50+,923583e1-c1d6-4ac9-96bc-3eec2db8fd20,control,Queens,search
47348df9-daee-4a9d-8944-bf0e93752b7b,d2c75477-a932-40f8-9221-9d8badeb3b23,2019-10-06 02:18:31,40-49,4966640a-d6bb-4707-90d3-4981a06462ad,experiment_2,Manhattan,open
fd28f90b-0238-4ef5-91cf-8d26deef81a6,d2c75477-a932-40f8-9221-9d8badeb3b23,2019-10-06 02:20:31,40-49,4966640a-d6bb-4707-90d3-4981a06462ad,experiment_2,Manhattan,#_of_users
d5079961-de4a-4ba1-acf8-11737effda6e,d2c75477-a932-40f8-9221-9d8badeb3b23,2019-10-08 15:25:13,50+,8af429a4-4671-433e-a309-0801a295e016,experiment_3,Manhattan,open
82b7567d-9498-4c59-b740-ec339f2deda5,d2c75477-a932-40f8-9221-9d8badeb3b23,2019-10-10 09:49:04,40-49,1fb9a619-c030-4cc8-90c5-9c9b0486ea32,experiment_2,Manhattan,open
1366a1b2-1de7-4e7d-8f83-a44557a356b6,b73ef1ab-d968-41a4-a563-14379202c9d8,2019-10-05 17:26:41,30-39,3d37cc04-51fd-45fa-8562-a785d7dbe97c,experiment_1,Brooklyn,open
b0795b05-221c-416d-b092-0b33cb1e80d7,b73ef1ab-d968-41a4-a563-14379202c9d8,2019-10-09 23:28:55,40-49,b99d0a0d-e5d3-40dc-a534-a0ac42001491,experiment_1,Brooklyn,open
d222b26d-6bb4-4025-9ed9-3c4f98e75efb,b73ef1ab-d968-41a4-a563-14379202c9d8,2019-10-09 10:34:02,50+,8857b491-b085-4437-8798-a5c5ec825292,control,Brooklyn,open
b0c796e7-62ac-45f4-b9c3-177c3c0bdf41,42805c4b-1901-442a-a242-ba3eeb5d17e9,2019-10-11 06:49:26,50+,d9b0ccbf-8c25-44d6-836a-ddfe5da83294,experiment_3,Manhattan,open
66aaa338-f9d6-47c7-9b6e-26a62b521fb8,f7194b39-a455-4ecd-b078-17d255430d4e,2019-10-11 04:43:24,18-29,05f8c357-e2b4-4f1d-b19b-272845504246,experiment_2,Queens,open
c271c04c-a3e6-4aa3-9573-92e505e1b316,f7194b39-a455-4ecd-b078-17d255430d4e,2019-10-11 04:43:44,18-29,05f8c357-e2b4-4f1d-b19b-272845504246,experiment_2,Queens,#_of_users
0004c588-bb3f-436e-9dfc-59f292eb0f46,f7194b39-a455-4ecd-b078-17d255430d4e,2019-10-11 04:44:05,18-29,05f8c357-e2b4-4f1d-b19b-272845504246,experiment_2,Queens,search
a006cd13-f6c9-4520-babe-777f7961b2e7,f7194b39-a455-4ecd-b078-17d255430d4e,2019-10-06 11:09:30,18-29,056cb6e1-1916-4148-99c6-a536d4c85b86,experiment_2,Queens,open
78325d48-9784-4424-8f08-504605677b24,f7194b39-a455-4ecd-b078-17d255430d4e,2019-10-10 23:45:55,40-49,5b5d3a0c-8024-44fb-be69-138566a6b4ce,experiment_2,Queens,open
d2de445a-226d-49ab-90ae-07e4519fe84f,05e7e610-5fe7-4707-97cf-cacd740f0d9b,2019-10-05 17:57:41,18-29,26e3c7d5-712b-4bea-8ae4-38761658766b,experiment_2,Brooklyn,open
ef40ecc0-2c52-497c-957f-cbf271175024,3d825974-1ded-4529-b669-a1de0508295e,2019-10-09 18:36:04,50+,41479585-7e7d-4d36-8e49-b24dedb8def9,experiment_3,Manhattan,open
6e356edc-d4be-4523-b5c4-96c3a5780983,3d825974-1ded-4529-b669-a1de0508295e,2019-10-09 18:37:16,50+,41479585-7e7d-4d36-8e49-b24dedb8def9,experiment_3,Manhattan,#_of_users
a888e806-161e-41f3-adbd-0ac4fdb847f3,3d825974-1ded-4529-b669-a1de0508295e,2019-10-06 03:33:58,50+,55de00ca-f700-4532-be05-b5e5c53421a3,experiment_2,Manhattan,open
c7d81d09-4a9f-4352-911a-cecc4c727b2d,3d825974-1ded-4529-b669-a1de0508295e,2019-10-06 03:34:43,50+,55de00ca-f700-4532-be05-b5e5c53421a3,experiment_2,Manhattan,#_of_users
5e5ba6b5-1ffa-4473-89c9-b2acbacccb5d,3d825974-1ded-4529-b669-a1de0508295e,2019-10-06 03:35:56,50+,55de00ca-f700-4532-be05-b5e5c53421a3,experiment_2,Manhattan,search
dff1021f-9e60-41a2-9a89-85e945f12f10,3d825974-1ded-4529-b669-a1de0508295e,2019-10-12 09:06:16,50+,3d318038-6e39-4e67-90bf-ce71dda66ab0,experiment_3,Manhattan,open
f29d4a41-591c-47f4-bc56-01df7f0c94ef,3d825974-1ded-4529-b669-a1de0508295e,2019-10-12 09:06:24,50+,3d318038-6e39-4e67-90bf-ce71dda66ab0,experiment_3,Manhattan,#_of_users
1749faaf-866b-4531-8e6d-f3a04c1cfcf5,347a9e5d-f1e6-46a0-b5c7-550dd02f1568,2019-10-12 03:37:23,50+,dc514439-2415-4e64-b2bd-d90cbf1716f3,experiment_3,Manhattan,open
9033759f-708b-4c5d-adba-75fb43a8ee16,347a9e5d-f1e6-46a0-b5c7-550dd02f1568,2019-10-12 03:37:24,50+,dc514439-2415-4e64-b2bd-d90cbf1716f3,experiment_3,Manhattan,#_of_users
479391a5-b58c-4b80-b74d-4ac182b6e323,347a9e5d-f1e6-46a0-b5c7-550dd02f1568,2019-10-11 14:23:33,40-49,5faec01d-6d54-4f08-ae4b-699fc68dcd58,experiment_2,Manhattan,open
f24b05e8-13f7-4097-83f2-829f7e797927,347a9e5d-f1e6-46a0-b5c7-550dd02f1568,2019-10-11 14:24:04,40-49,5faec01d-6d54-4f08-ae4b-699fc68dcd58,experiment_2,Manhattan,#_of_users
2870ede9-6380-446d-b02a-c108a499a9df,347a9e5d-f1e6-46a0-b5c7-550dd02f1568,2019-10-11 14:25:02,40-49,5faec01d-6d54-4f08-ae4b-699fc68dcd58,experiment_2,Manhattan,search
dbf91130-209a-4175-a7b1-ea7c881ab5fd,347a9e5d-f1e6-46a0-b5c7-550dd02f1568,2019-10-09 19:26:06,40-49,d75cc6cf-c6d1-40d9-becc-542f355a9dfc,experiment_2,Manhattan,open
26e5e24b-be06-4936-98f6-d8cae5596d07,50d4bba9-d012-4535-8ad7-914e6bc0bba3,2019-10-08 11:14:13,30-39,ad868aff-6406-422e-98cf-c0796282c58f,experiment_1,Manhattan,open
e7589ca7-eb8c-4775-bdac-d12d0972a52e,50d4bba9-d012-4535-8ad7-914e6bc0bba3,2019-10-09 15:28:57,40-49,2a87b3b0-6793-4754-8bd8-d6b44a4d81a4,experiment_1,Manhattan,open
c5586d49-02b5-46a8-89e3-0413c2b65cab,50d4bba9-d012-4535-8ad7-914e6bc0bba3,2019-10-09 15:29:42,40-49,2a87b3b0-6793-4754-8bd8-d6b44a4d81a4,experiment_1,Manhattan,#_of_users
38cea1f9-0478-4060-8f3a-23359ab3692a,50d4bba9-d012-4535-8ad7-914e6bc0bba3,2019-10-11 12:32:41,30-39,e52895a8-da3f-4e6b-a810-61bf564b6033,control,Manhattan,open
78cc672e-545e-4e1f-8fab-04e6748eca64,50d4bba9-d012-4535-8ad7-914e6bc0bba3,2019-10-08 06:17:02,50+,4afee1eb-6c63-4d17-8509-0a7638cdd6a9,control,Manhattan,open
ba2061cd-9c9b-465f-b696-d321a1107f2c,250f86ac-df3e-47b8-aecd-f2f3d18b1725,2019-10-11 13:20:41,50+,aa3dedab-1aa4-4013-a6bc-c21bf296e5f3,experiment_1,Manhattan,open
73718c31-dda9-41ec-9915-b1cf5a016c37,250f86ac-df3e-47b8-aecd-f2f3d18b1725,2019-10-11 13:21:15,50+,aa3dedab-1aa4-4013-a6bc-c21bf296e5f3,experiment_1,Manhattan,#_of_users
9a79f02d-7f37-4b73-b49e-16e65f9c6718,250f86ac-df3e-47b8-aecd-f2f3d18b1725,2019-10-11 13:24:31,50+,aa3dedab-1aa4-4013-a6bc-c21bf296e5f3,experiment_1,Manhattan,search
7cfc82e6-af43-4966-b7f5-dbb342d818f4,250f86ac-df3e-47b8-aecd-f2f3d18b1725,2019-10-09 04:49:17,40-49,266f28be-438f-44d4-b07c-e02588d302b0,experiment_1,Manhattan,open
f7cad444-188c-41ce-80e7-bdc14781b96f,250f86ac-df3e-47b8-aecd-f2f3d18b1725,2019-10-09 04:50:15,40-49,266f28be-438f-44d4-b07c-e02588d302b0,experiment_1,Manhattan,#_of_users
f1e0805f-2546-46a3-8d16-5948f11e5488,250f86ac-df3e-47b8-aecd-f2f3d18b1725,2019-10-09 04:51:09,40-49,266f28be-438f-44d4-b07c-e02588d302b0,experiment_1,Manhattan,search
d9cb89fd-2673-4c8e-8aa6-9daf2ad9dd46,bc245bb4-62ae-4381-a7ed-924bf74ddde2,2019-10-11 23:07:22,40-49,c190fb24-99ed-4a99-9188-a1bcdb8595e5,experiment_2,Manhattan,open
f3929dd2-ed34-405b-b148-3833a287e1f8,bc245bb4-62ae-4381-a7ed-924bf74ddde2,2019-10-11 23:08:02,40-49,c190fb24-99ed-4a99-9188-a1bcdb8595e5,experiment_2,Manhattan,#_of_users
e61ae69f-9b6f-44b1-a5de-aca8e55bd3fb,bc245bb4-62ae-4381-a7ed-924bf74ddde2,2019-10-11 23:09:47,40-49,c190fb24-99ed-4a99-9188-a1bcdb8595e5,experiment_2,Manhattan,search
fea4333a-c2c6-47d9-9257-252a60c15b4b,bc245bb4-62ae-4381-a7ed-924bf74ddde2,2019-10-11 07:58:48,50+,844dc113-2bc2-4bb6-8487-371bf47560ee,experiment_3,Manhattan,open
b3e5ee03-dd35-4705-97bb-c8e2b29e4c74,bc245bb4-62ae-4381-a7ed-924bf74ddde2,2019-10-11 07:59:30,50+,844dc113-2bc2-4bb6-8487-371bf47560ee,experiment_3,Manhattan,#_of_users
8c97cf5c-ad8b-4cc1-8014-356129921fc0,bc245bb4-62ae-4381-a7ed-924bf74ddde2,2019-10-05 13:55:09,50+,b4a99ab9-d220-4c6d-8bdc-41be7ce2758c,experiment_3,Manhattan,open
2a7de8c2-cf3a-4d39-8f84-c0f4a7b9792f,bc245bb4-62ae-4381-a7ed-924bf74ddde2,2019-10-05 13:55:21,50+,b4a99ab9-d220-4c6d-8bdc-41be7ce2758c,experiment_3,Manhattan,#_of_users
76cc684f-90fd-4def-84e4-d3b9224e805e,9c404d97-8096-4a70-8c7f-fafbc66abf7d,2019-10-05 16:01:37,50+,faa2708c-1efa-4bd5-adef-5212244595dd,control,Manhattan,open
4a651e3c-afd3-4625-a97f-89d4e5bd4b58,9c404d97-8096-4a70-8c7f-fafbc66abf7d,2019-10-05 16:02:10,50+,faa2708c-1efa-4bd5-adef-5212244595dd,control,Manhattan,#_of_users
f23312af-0373-4432-a622-effc0be04a74,9c404d97-8096-4a70-8c7f-fafbc66abf7d,2019-10-05 16:02:43,50+,faa2708c-1efa-4bd5-adef-5212244595dd,control,Manhattan,search
b12b1067-537f-46bf-bac6-4e1f36cca6a6,9c404d97-8096-4a70-8c7f-fafbc66abf7d,2019-10-10 19:31:24,50+,fd6ccf08-2c5b-4488-8cf5-7519041ef1d7,experiment_1,Manhattan,open
b2d1e2a4-421b-4cca-8752-cb60b682e95a,9c404d97-8096-4a70-8c7f-fafbc66abf7d,2019-10-08 19:50:54,50+,52296bb0-ba26-47d3-a1dc-baefcd1c8a04,experiment_1,Manhattan,open
81431e3d-68e5-473d-9e16-bb5d17594a0e,e01e7e21-103c-440a-9fb8-8a232456a501,2019-10-10 15:46:34,30-39,122f50c2-0eef-47d5-a307-49a90b056ff8,experiment_3,Manhattan,open
4c265c2b-446a-4b4c-9041-403dc617f204,09f65a50-5d8e-4668-ae92-a2770600d684,2019-10-09 11:48:55,30-39,f99e4db6-03a8-4c1d-add8-d164ec8a3978,experiment_2,Manhattan,open
ac890736-887e-483e-818d-e4167f0b7be5,09f65a50-5d8e-4668-ae92-a2770600d684,2019-10-11 13:06:54,50+,c68491e8-d303-43f2-9667-6704fc295b86,experiment_3,Manhattan,open
8e6d1acd-f995-47eb-a5e6-469ff8177d64,09f65a50-5d8e-4668-ae92-a2770600d684,2019-10-07 18:20:45,40-49,1f4209b5-ab22-4b63-a658-e2afa3cede43,experiment_2,Manhattan,open
495d6349-c3e7-4adc-9f3d-189f4d982305,09f65a50-5d8e-4668-ae92-a2770600d684,2019-10-07 18:21:08,40-49,1f4209b5-ab22-4b63-a658-e2afa3cede43,experiment_2,Manhattan,#_of_users
dfdcc766-f4aa-4307-9a5f-bc5e9a64b961,a5d48511-d1f2-4c9b-8773-40a297f9e1f5,2019-10-05 11:41:27,30-39,a720ecde-0d5a-4892-b4a7-e27215cb823e,experiment_1,Manhattan,open
5bc6a5c6-6cf3-4245-a144-0a2265ced6cd,a5d48511-d1f2-4c9b-8773-40a297f9e1f5,2019-10-10 19:28:27,50+,91f96129-6115-42de-80f5-ef99bcda15a8,control,Manhattan,open
ba661168-5b73-415c-88f7-85cf9704ff0a,a5d48511-d1f2-4c9b-8773-40a297f9e1f5,2019-10-11 08:29:59,50+,72068c97-036f-437d-bf58-5e0ae94083e6,experiment_1,Manhattan,open
f7cd33f2-4696-486f-a0e5-b7e9b3074204,a5d48511-d1f2-4c9b-8773-40a297f9e1f5,2019-10-11 08:31:05,50+,72068c97-036f-437d-bf58-5e0ae94083e6,experiment_1,Manhattan,#_of_users
2b93db10-56ab-4060-804e-45b56a946988,a5d48511-d1f2-4c9b-8773-40a297f9e1f5,2019-10-11 08:32:11,50+,72068c97-036f-437d-bf58-5e0ae94083e6,experiment_1,Manhattan,search
63454e88-1aa9-44c3-8d1a-f6ce2baf2150,a5d48511-d1f2-4c9b-8773-40a297f9e1f5,2019-10-09 14:39:11,50+,29fa177e-572c-4a3b-af2d-5ff34d4311b2,control,Manhattan,open
04b75686-ea94-4345-b926-007fac54f063,a5d48511-d1f2-4c9b-8773-40a297f9e1f5,2019-10-11 20:51:21,50+,9bf13f97-7306-481e-9fa3-115a63d49dc5,experiment_1,Manhattan,open
9e49cef0-c2e3-4a14-b573-64fd019731bb,02b7a214-74d6-4338-a45a-ab0ad248bf3d,2019-10-10 00:22:40,40-49,cfc7fab2-b998-4c9d-94cf-47aa26bf69cc,experiment_2,Manhattan,open
eca1bbd0-81bd-4cf2-99a5-c0015e2e7b01,02b7a214-74d6-4338-a45a-ab0ad248bf3d,2019-10-09 23:38:17,30-39,3698b60a-a4de-477c-9cd3-a0bc4cdd1988,experiment_2,Manhattan,open
c25390d9-bbe0-4a05-9455-84f81fc1ce4a,02b7a214-74d6-4338-a45a-ab0ad248bf3d,2019-10-09 23:38:27,30-39,3698b60a-a4de-477c-9cd3-a0bc4cdd1988,experiment_2,Manhattan,#_of_users
2ae38429-1ac7-47da-a22e-bed62cc390dd,02b7a214-74d6-4338-a45a-ab0ad248bf3d,2019-10-09 23:40:38,30-39,3698b60a-a4de-477c-9cd3-a0bc4cdd1988,experiment_2,Manhattan,search
47b4545f-7c2f-4fee-9d99-f588d8cebc52,25d19dab-5301-4e66-9c14-007fec7940fd,2019-10-10 07:41:30,50+,270c653b-8043-4744-915e-5cf42d8c582a,experiment_2,Manhattan,open
eef79ef8-1a8c-4517-ae83-eded6188bb89,25d19dab-5301-4e66-9c14-007fec7940fd,2019-10-10 07:42:12,50+,270c653b-8043-4744-915e-5cf42d8c582a,experiment_2,Manhattan,#_of_users
5ff94230-08e1-4e46-8e26-4838dbadd4db,25d19dab-5301-4e66-9c14-007fec7940fd,2019-10-05 11:01:15,50+,80983ad3-107f-427a-9547-222af7a5f344,experiment_2,Manhattan,open
3597846e-fd37-4763-84ff-feaf1fb8ad9d,e8f5a809-e5c7-40bd-82ff-b160ee47164d,2019-10-09 19:29:12,50+,acfd6e39-fb50-4e44-a661-a3e929baeabe,experiment_2,Manhattan,open
a20fb6b2-5d75-4e96-8393-58be38aaf8ad,e8f5a809-e5c7-40bd-82ff-b160ee47164d,2019-10-08 07:47:26,18-29,5f6e25fc-61e8-47cd-8ddf-fc1dc4a2edfe,experiment_2,Manhattan,open
216cf827-a0be-4052-a51a-fabf0ab17ada,e8f5a809-e5c7-40bd-82ff-b160ee47164d,2019-10-08 07:48:21,18-29,5f6e25fc-61e8-47cd-8ddf-fc1dc4a2edfe,experiment_2,Manhattan,#_of_users
8ae0c877-779e-4d73-9e6e-085c535e223a,e8f5a809-e5c7-40bd-82ff-b160ee47164d,2019-10-08 07:52:01,18-29,5f6e25fc-61e8-47cd-8ddf-fc1dc4a2edfe,experiment_2,Manhattan,search
5cef6bf7-1aef-483e-b8ae-7b145e931e2e,e8f5a809-e5c7-40bd-82ff-b160ee47164d,2019-10-08 09:19:28,40-49,7117ad02-cfe5-4fad-ac77-e5d1b1df22e9,experiment_2,Manhattan,open
2e14146f-67d0-4c7d-8561-c4a05fcb2e89,e8f5a809-e5c7-40bd-82ff-b160ee47164d,2019-10-08 09:20:25,40-49,7117ad02-cfe5-4fad-ac77-e5d1b1df22e9,experiment_2,Manhattan,#_of_users
20b648a9-f113-45f8-acae-27ad20642ec1,54d6beb5-800e-4fec-8637-286e6b46bb18,2019-10-10 05:34:32,50+,9eb5909c-04ae-44cb-9dfc-5c455776667e,experiment_2,Brooklyn,open
a78b1672-3282-4443-b67b-480d643b47e7,15ba14f2-0db8-424e-9c84-266cba0261a9,2019-10-09 06:50:12,50+,067aa730-6ffd-4e39-9749-b7218002ad29,experiment_1,Manhattan,open
4728982d-eb90-4563-a9bd-dc64eb348e4b,15ba14f2-0db8-424e-9c84-266cba0261a9,2019-10-09 06:53:48,50+,067aa730-6ffd-4e39-9749-b7218002ad29,experiment_1,Manhattan,#_of_users
db59c4e6-ddeb-41a1-b012-e5395ff17b1c,15ba14f2-0db8-424e-9c84-266cba0261a9,2019-10-06 15:04:58,40-49,339f1b58-2774-4872-b565-4acc248eecb4,control,Manhattan,open
38469e38-68a1-4fbf-ab78-a2836a11abcc,4baa802a-1be4-4687-9b8c-184f9d4c1eec,2019-10-06 22:28:36,18-29,ae5155f3-7e5d-435c-b8e8-eaba73611740,experiment_1,Brooklyn,open
90ec3893-7cc5-4ba9-a4bf-36f91ba1eff2,4baa802a-1be4-4687-9b8c-184f9d4c1eec,2019-10-10 03:52:43,40-49,38b2833d-9923-4f9f-89fb-69835ad88297,control,Brooklyn,open
8769e5f7-78e6-4bdf-ae46-4ce239a00326,4baa802a-1be4-4687-9b8c-184f9d4c1eec,2019-10-05 23:07:08,40-49,4c089f6f-0c90-428a-aa2f-9bd605a36825,experiment_1,Brooklyn,open
0f12c39f-cb51-4335-bb43-d1da83f3e5ac,4baa802a-1be4-4687-9b8c-184f9d4c1eec,2019-10-08 00:47:21,40-49,638d8009-84cc-4f89-bb31-f7715bf35928,control,Brooklyn,open
273e7c41-040f-41c3-adb0-cfc9da385f5b,4baa802a-1be4-4687-9b8c-184f9d4c1eec,2019-10-09 16:38:00,50+,d618bdef-f45d-4c02-8747-2eaeb8e731d6,control,Brooklyn,open
6b178e9a-7366-4ee4-995b-0b8ce13cc1e9,4baa802a-1be4-4687-9b8c-184f9d4c1eec,2019-10-09 16:40:21,50+,d618bdef-f45d-4c02-8747-2eaeb8e731d6,control,Brooklyn,#_of_users
95f2efd2-5341-42bf-93eb-f2a819803bdd,4baa802a-1be4-4687-9b8c-184f9d4c1eec,2019-10-09 16:41:37,50+,d618bdef-f45d-4c02-8747-2eaeb8e731d6,control,Brooklyn,search
1fc42053-9065-4797-af54-8f44f8d1f60f,a5d51591-3b10-4204-9e37-5ba9294b05af,2019-10-08 07:44:20,50+,f06e1857-e03e-4a4e-96a2-97e1910f82c0,control,Brooklyn,open
928dce12-4b5f-4d30-a277-61b9761ab837,a5d51591-3b10-4204-9e37-5ba9294b05af,2019-10-08 07:47:22,50+,f06e1857-e03e-4a4e-96a2-97e1910f82c0,control,Brooklyn,#_of_users
a4d14e1c-a828-441c-9f2a-bacab3909fa2,a5d51591-3b10-4204-9e37-5ba9294b05af,2019-10-08 07:47:48,50+,f06e1857-e03e-4a4e-96a2-97e1910f82c0,control,Brooklyn,search
e236c34c-2731-4205-b6ae-f2ad67c0979e,a5d51591-3b10-4204-9e37-5ba9294b05af,2019-10-09 20:48:35,18-29,b4a971c6-21fa-4509-b017-ffc9449b236c,control,Brooklyn,open
233442ba-e57b-440c-a1d8-6ddfc99b56f6,a5d51591-3b10-4204-9e37-5ba9294b05af,2019-10-09 20:49:46,18-29,b4a971c6-21fa-4509-b017-ffc9449b236c,control,Brooklyn,#_of_users
3e2ca2d5-10d4-4981-81bb-694696b84bd5,a5d51591-3b10-4204-9e37-5ba9294b05af,2019-10-09 20:50:42,18-29,b4a971c6-21fa-4509-b017-ffc9449b236c,control,Brooklyn,search
e8f93e1d-303f-4887-b7f8-b3a046e523a2,a5d51591-3b10-4204-9e37-5ba9294b05af,2019-10-11 06:39:42,50+,1a8f814f-898c-4496-8346-9629ba6c3a64,experiment_1,Brooklyn,open
375c93fc-b6f9-48b8-87b3-cdf8f135c029,a5d51591-3b10-4204-9e37-5ba9294b05af,2019-10-11 06:40:03,50+,1a8f814f-898c-4496-8346-9629ba6c3a64,experiment_1,Brooklyn,#_of_users
abb7fba8-019c-4af7-8a5d-75b827e30f9c,c2ed7a5b-c384-4a4c-b1f5-a8d9297eef64,2019-10-05 12:52:11,50+,98c5e506-19b5-4d15-a943-b97f6f364dff,experiment_2,Brooklyn,open
2a3ff07b-da48-4113-bc98-721e444376f5,c2ed7a5b-c384-4a4c-b1f5-a8d9297eef64,2019-10-05 12:53:02,50+,98c5e506-19b5-4d15-a943-b97f6f364dff,experiment_2,Brooklyn,#_of_users
26427373-49f8-418d-9224-89083aae7590,c2ed7a5b-c384-4a4c-b1f5-a8d9297eef64,2019-10-11 16:33:01,50+,43358aa5-ec7f-4e0f-aed3-ceca4fc588d1,experiment_2,Brooklyn,open
2fdb6d93-8440-4985-8e77-bd1f3aebe954,de5539bc-da9b-419f-860a-836d0c24c9bd,2019-10-09 20:35:17,50+,92c7ff0f-5f1d-415e-8205-46a0e4746c17,control,Manhattan,open
a79355c6-1eae-4fd9-aad3-66904853ba65,de5539bc-da9b-419f-860a-836d0c24c9bd,2019-10-09 20:35:44,50+,92c7ff0f-5f1d-415e-8205-46a0e4746c17,control,Manhattan,#_of_users
c5df71cc-85c6-4119-ad0a-f72369935fa4,de5539bc-da9b-419f-860a-836d0c24c9bd,2019-10-11 10:56:28,40-49,ceb762a7-b7f8-47a1-9e13-e032d0077cd6,control,Manhattan,open
b8a6d513-148f-4d4e-b136-7ebb117a3a5d,de5539bc-da9b-419f-860a-836d0c24c9bd,2019-10-11 10:57:28,40-49,ceb762a7-b7f8-47a1-9e13-e032d0077cd6,control,Manhattan,#_of_users
c43b4a2d-02c0-47c3-b101-6599bc9ad383,de5539bc-da9b-419f-860a-836d0c24c9bd,2019-10-08 16:59:36,50+,2056c1ad-e193-430d-b83d-2985649ec4b3,experiment_1,Manhattan,open
3d293ddf-24ef-4b22-9fa2-df8c7d5224d7,de5539bc-da9b-419f-860a-836d0c24c9bd,2019-10-09 14:27:57,40-49,a7ea6040-6f06-46c5-8d99-e54772de5242,experiment_1,Manhattan,open
fbb22168-b4f1-4c7f-b68c-a96010229843,de5539bc-da9b-419f-860a-836d0c24c9bd,2019-10-08 21:31:59,50+,2219619b-7a47-4159-8bd4-c1683e2ad45c,experiment_1,Manhattan,open
83b23c75-11e9-4575-b3dd-81ad705bda6b,32fad0e3-4763-4af9-bbad-85643ea62714,2019-10-10 23:35:53,40-49,0d157a12-6c10-4dd5-877a-a4fe308e4f5d,experiment_1,Brooklyn,open
c9155784-eea6-4610-b42f-a6cb78c7503e,32fad0e3-4763-4af9-bbad-85643ea62714,2019-10-10 23:36:37,40-49,0d157a12-6c10-4dd5-877a-a4fe308e4f5d,experiment_1,Brooklyn,#_of_users
b212263d-9382-4b82-a94c-36291a934a01,32fad0e3-4763-4af9-bbad-85643ea62714,2019-10-11 17:54:52,50+,7865e217-7490-4d81-b245-fa800305ada6,control,Brooklyn,open
afb626a0-e80a-4384-a5ff-d8ccd6cc0ec3,32fad0e3-4763-4af9-bbad-85643ea62714,2019-10-10 16:36:43,50+,75892583-a1c4-4d56-9275-f4c8f2e0cfe9,experiment_1,Brooklyn,open
376b9ae9-8987-4ca2-99ac-7a4e5e4af38a,56d80893-93c8-431e-8776-df5c49ed68cb,2019-10-05 22:24:22,50+,43da8371-eb1b-4a8e-99de-f911d03bf1b8,experiment_2,Manhattan,open
04f7f8bc-eddf-4328-a4cf-0142c6b14a0b,89d3f9d2-133e-4643-b81f-c97cc864e837,2019-10-07 04:09:57,40-49,074b6f1e-cdb3-4d48-b835-65fc175ad1be,control,Manhattan,open
6eff5f66-1856-4c28-a83d-e83228478b4c,89d3f9d2-133e-4643-b81f-c97cc864e837,2019-10-07 04:10:43,40-49,074b6f1e-cdb3-4d48-b835-65fc175ad1be,control,Manhattan,#_of_users
688c8aba-0635-4067-8b45-fae36358c469,89d3f9d2-133e-4643-b81f-c97cc864e837,2019-10-07 04:10:43,40-49,074b6f1e-cdb3-4d48-b835-65fc175ad1be,control,Manhattan,search
8894f9c0-7920-41c2-baf2-3782991fcd0a,b2a2a3fa-658f-4b36-90e3-60164efce8ea,2019-10-05 20:41:02,40-49,01c71c5c-1b7d-47ef-9a64-aa715896d13d,experiment_2,Manhattan,open
8523ce65-bb25-42d0-8ef4-3473c65fc30c,b2a2a3fa-658f-4b36-90e3-60164efce8ea,2019-10-09 09:43:43,40-49,0ffc8824-4e6a-4fea-9653-a55fefb9fa8a,experiment_2,Manhattan,open
b3fbffe1-f15a-473d-b6cb-bca1cdffb0d1,b2a2a3fa-658f-4b36-90e3-60164efce8ea,2019-10-08 00:27:16,30-39,491494c2-f809-47ff-bcc7-6fbcc7435565,experiment_2,Manhattan,open
5b25c433-6855-4940-baa8-9c84fb9ef52b,43c22702-26ff-43c0-96d0-46b21c1014d8,2019-10-08 00:24:30,50+,5dfbfec0-a408-4035-9579-f8f952c94cdb,experiment_2,Manhattan,open
366150b9-1add-433e-8b96-91e4d7b0d295,43c22702-26ff-43c0-96d0-46b21c1014d8,2019-10-09 20:45:41,50+,fe6d3d04-871b-470f-b2ac-3436fed143af,experiment_3,Manhattan,open
fd9cc158-d797-401e-8ae3-2ac8d1d469a0,66eed09e-7c9e-4d1e-be36-2d8fc78a50b1,2019-10-05 21:55:46,18-29,cbea1448-687a-471b-b4e7-327b6418856d,experiment_1,Manhattan,open
fdf2ff6e-0909-4144-bfa1-194c896f845c,66eed09e-7c9e-4d1e-be36-2d8fc78a50b1,2019-10-05 21:57:25,18-29,cbea1448-687a-471b-b4e7-327b6418856d,experiment_1,Manhattan,#_of_users
4cc90532-ecdd-4758-a50e-e29f067d5d0f,66eed09e-7c9e-4d1e-be36-2d8fc78a50b1,2019-10-05 21:59:10,18-29,cbea1448-687a-471b-b4e7-327b6418856d,experiment_1,Manhattan,search
d6c10c46-4e41-4654-932d-fc6b7284f030,66eed09e-7c9e-4d1e-be36-2d8fc78a50b1,2019-10-07 11:18:38,50+,7749cfa0-4211-48b2-93a6-4db36c0c8910,experiment_1,Manhattan,open
2b57672c-c8d9-445f-b136-70c236e6ef09,66eed09e-7c9e-4d1e-be36-2d8fc78a50b1,2019-10-08 22:22:47,18-29,1345e938-251e-427c-bc60-f191e6f68b96,control,Manhattan,open
0a1019fc-9184-4ed7-a4c2-1fbfde519f7b,ba577a72-867c-4a30-bddb-eda07c0015b2,2019-10-10 21:41:06,50+,548c6c83-59b2-4dc9-af8e-041aa703ce95,control,Queens,open
e6361869-bc5d-44aa-9082-79833f8b071c,ba577a72-867c-4a30-bddb-eda07c0015b2,2019-10-10 21:41:36,50+,548c6c83-59b2-4dc9-af8e-041aa703ce95,control,Queens,#_of_users
437edb84-bbda-4cb4-9289-1c7ea17320ef,ba577a72-867c-4a30-bddb-eda07c0015b2,2019-10-09 01:43:53,50+,60a4cfbe-c2fa-4a7b-ba1d-c96b8140eaae,control,Queens,open
a8ce003a-e72f-4366-8747-1e299ae906dc,ba577a72-867c-4a30-bddb-eda07c0015b2,2019-10-09 01:44:39,50+,60a4cfbe-c2fa-4a7b-ba1d-c96b8140eaae,control,Queens,#_of_users
6ea2b3dc-ff0e-41cb-8944-c7c1ee5c42cc,7ae58351-c332-4f52-9119-5b7afce26844,2019-10-09 03:24:52,50+,04cec521-03f6-4561-b5b5-7d7fedd751a6,experiment_1,Brooklyn,open
5d750549-d7d5-4897-b4ae-01ae4459e0c9,7ae58351-c332-4f52-9119-5b7afce26844,2019-10-09 03:25:32,50+,04cec521-03f6-4561-b5b5-7d7fedd751a6,experiment_1,Brooklyn,#_of_users
a45c4914-26e1-42f5-9b7f-04a426ef562b,7ae58351-c332-4f52-9119-5b7afce26844,2019-10-05 21:04:15,40-49,05b12de3-2b71-474d-9b61-86184e49b3a6,experiment_1,Brooklyn,open
77e6f401-cd10-4577-ab5b-d24832f58437,5d22460a-31c3-4db0-983f-b72b0dec7c8f,2019-10-11 23:18:37,18-29,8a59c518-524b-4098-91d8-4c009e6ca8f9,experiment_2,Manhattan,open
4d5117ab-4d7a-41dc-b065-1030c07a3df2,c712fd5f-bd98-40bf-9d0d-9a73f9392ea9,2019-10-08 22:51:58,50+,aef5f4c4-91de-4d38-ab3a-2dce3ce48e6a,control,Queens,open
62c49eee-2148-47b0-922b-584d862ee08c,c712fd5f-bd98-40bf-9d0d-9a73f9392ea9,2019-10-09 17:30:44,50+,c8f8430b-8490-4249-87d5-5f48bb051bd9,control,Queens,open
99dfe966-7ec0-4b07-995d-9cef0961909e,c712fd5f-bd98-40bf-9d0d-9a73f9392ea9,2019-10-10 03:11:49,40-49,614b29bb-2ac1-4a41-a4b6-59efb534f9ec,control,Queens,open
7d4e2181-1c15-4644-888b-a0d5fd894ebf,c712fd5f-bd98-40bf-9d0d-9a73f9392ea9,2019-10-07 06:01:02,40-49,b95cf97f-1855-4292-86ec-907935c91c5a,experiment_1,Queens,open
ae1a4cd6-306b-4013-8c28-7ce5977cf89c,c712fd5f-bd98-40bf-9d0d-9a73f9392ea9,2019-10-07 06:01:14,40-49,b95cf97f-1855-4292-86ec-907935c91c5a,experiment_1,Queens,#_of_users
cf1c1cb1-bf2d-4512-8a14-e0abfb45edfe,c712fd5f-bd98-40bf-9d0d-9a73f9392ea9,2019-10-07 06:02:07,40-49,b95cf97f-1855-4292-86ec-907935c91c5a,experiment_1,Queens,search
8cfe94b5-04be-4dca-9590-2a9256f23c4a,cc0fa2c1-4c2f-4336-9caa-93b69333e652,2019-10-09 17:20:25,50+,57ce5b05-e2ab-400c-bf55-5c8840147bfa,experiment_1,Manhattan,open
d82e4e68-5ac5-43a8-93a7-3532b262d0db,cc0fa2c1-4c2f-4336-9caa-93b69333e652,2019-10-09 17:21:01,50+,57ce5b05-e2ab-400c-bf55-5c8840147bfa,experiment_1,Manhattan,#_of_users
177254ad-a8c7-439a-9af9-02b7c3d11ede,cc0fa2c1-4c2f-4336-9caa-93b69333e652,2019-10-06 18:13:20,50+,b7c76b8a-8ace-4262-a431-4bf547958ee4,experiment_1,Manhattan,open
ed5cf31d-65f5-4376-bb4f-2252849c5216,cc0fa2c1-4c2f-4336-9caa-93b69333e652,2019-10-06 18:14:22,50+,b7c76b8a-8ace-4262-a431-4bf547958ee4,experiment_1,Manhattan,#_of_users
c02f61fa-1851-404f-a856-5ad187e2de64,cc0fa2c1-4c2f-4336-9caa-93b69333e652,2019-10-07 14:46:38,30-39,3cb2593b-eaec-4d7f-865c-d8a4170c744c,control,Manhattan,open
ba373586-18e3-46aa-ae25-5c9030f21763,cc0fa2c1-4c2f-4336-9caa-93b69333e652,2019-10-10 07:48:52,50+,04ff371b-673c-4f1e-9ed0-3335aa44013d,experiment_1,Manhattan,open
2023ad19-25c9-4df1-9c08-825d44cc191e,180d017e-1842-4f78-9056-306c32178b07,2019-10-05 13:04:31,50+,36be10b2-76dd-409e-b52c-4fb3b767a329,experiment_3,Manhattan,open
0dd7003a-ad34-4fad-b4fa-ca7b987545d8,180d017e-1842-4f78-9056-306c32178b07,2019-10-05 13:04:39,50+,36be10b2-76dd-409e-b52c-4fb3b767a329,experiment_3,Manhattan,#_of_users
bfed9950-051b-4819-9ce0-b0f6fa69e0ed,c04dcece-976f-4dcc-ab82-165dd600d6cc,2019-10-09 04:17:00,50+,255c915c-a9b9-438c-a99b-cbe0d5d6b99e,experiment_2,Brooklyn,open
35e2de33-8b8e-4e77-98f2-8466ae6a19e4,c04dcece-976f-4dcc-ab82-165dd600d6cc,2019-10-09 04:18:26,50+,255c915c-a9b9-438c-a99b-cbe0d5d6b99e,experiment_2,Brooklyn,#_of_users
cb85ad94-7d4e-4522-81f4-87b2c40a38c2,c04dcece-976f-4dcc-ab82-165dd600d6cc,2019-10-10 05:52:10,50+,28691405-1760-4b0c-adce-182cdcdb43b9,experiment_2,Brooklyn,open
7c5b83e9-a5b2-452f-abd3-f9364e2ec6ab,c04dcece-976f-4dcc-ab82-165dd600d6cc,2019-10-09 09:56:08,50+,a1346dc8-0aaf-4708-85f0-b28324f96ce4,experiment_2,Brooklyn,open
acd4fd66-61ad-4585-9009-91fece4ab4f4,c04dcece-976f-4dcc-ab82-165dd600d6cc,2019-10-09 09:57:34,50+,a1346dc8-0aaf-4708-85f0-b28324f96ce4,experiment_2,Brooklyn,#_of_users
b067a7ea-75c8-4c5b-a6b8-29e5af9c67c1,c04dcece-976f-4dcc-ab82-165dd600d6cc,2019-10-09 09:58:55,50+,a1346dc8-0aaf-4708-85f0-b28324f96ce4,experiment_2,Brooklyn,search
f003f9b3-7a4f-48e7-90ee-23f4f4d1e172,c04dcece-976f-4dcc-ab82-165dd600d6cc,2019-10-06 15:38:53,18-29,fcb3b3c7-af35-42e2-b358-716c0285bc33,experiment_2,Brooklyn,open
71eecef0-2dc9-47f1-898d-eb523c8bab34,c04dcece-976f-4dcc-ab82-165dd600d6cc,2019-10-05 23:42:10,30-39,ac7fae15-c2f1-4c33-9c76-66847c43ff9f,experiment_3,Brooklyn,open
1e3b4e8a-d821-42c5-a3da-cf0695b1a181,396ce6e7-c16b-454e-a5b6-753b06193602,2019-10-08 08:07:06,50+,ea8b051a-4382-4805-b2dd-adae04b936f8,experiment_2,Bronx,open
b209550c-0112-4dc0-b8fc-db1f62c7c7ac,396ce6e7-c16b-454e-a5b6-753b06193602,2019-10-10 07:34:15,50+,29abc429-fedb-4cce-83e4-b017c930f395,experiment_3,Bronx,open
ae18c348-6d95-4a23-9412-fb6af649e517,396ce6e7-c16b-454e-a5b6-753b06193602,2019-10-08 18:25:56,40-49,74f4ad53-e464-4a81-becf-88e68eca37e5,experiment_2,Bronx,open
93d2be75-a41e-4719-b179-f07cf32737bc,396ce6e7-c16b-454e-a5b6-753b06193602,2019-10-09 09:17:10,50+,8f30b573-f856-4f26-9903-005baf2917bd,experiment_2,Bronx,open
9c8ed8f0-498e-49b3-9b51-b715a2e48ab1,90acf436-489a-448c-9757-be9c616d5ec7,2019-10-11 20:17:27,40-49,0b872bea-968f-427a-a0a2-e3be1b90acbf,experiment_2,Manhattan,open
c76013df-39b1-4f80-81eb-c237bc6c8c8a,90acf436-489a-448c-9757-be9c616d5ec7,2019-10-09 08:40:19,50+,e37f395a-51a3-47fd-963c-35151c57f3af,experiment_3,Manhattan,open
ac276296-56f4-41c7-9811-74c5ce19f75f,90acf436-489a-448c-9757-be9c616d5ec7,2019-10-09 08:40:28,50+,e37f395a-51a3-47fd-963c-35151c57f3af,experiment_3,Manhattan,#_of_users
cac43acb-78b2-49cc-85f9-d48b2df92a8c,90acf436-489a-448c-9757-be9c616d5ec7,2019-10-07 08:04:28,18-29,22ab62bc-50f9-427c-80bb-2f052f01aba4,experiment_2,Manhattan,open
8577726a-853f-40a6-bd11-25ab1ee47b30,90acf436-489a-448c-9757-be9c616d5ec7,2019-10-07 08:04:56,18-29,22ab62bc-50f9-427c-80bb-2f052f01aba4,experiment_2,Manhattan,#_of_users
f034277e-5a6b-4583-96a0-70e94272ac53,90acf436-489a-448c-9757-be9c616d5ec7,2019-10-07 08:06:02,18-29,22ab62bc-50f9-427c-80bb-2f052f01aba4,experiment_2,Manhattan,search
df41334a-9d6e-4df4-9773-fa54481d59e3,90acf436-489a-448c-9757-be9c616d5ec7,2019-10-07 09:06:53,50+,13434101-c78e-4493-89c4-74ab56e798de,experiment_2,Manhattan,open
2935829e-ce5c-4f37-8f39-fdd535bcf7a2,642ed640-af18-4904-bfa8-9a5b1f3a42c2,2019-10-10 14:57:38,50+,5bb6fd50-835c-4d25-a50b-d2f5636f0162,control,Manhattan,open
6b46a6ce-8bf6-4a69-94f3-c70e85713952,a40c50e5-0d70-4359-8b4f-576784448121,2019-10-08 15:57:26,30-39,2bd74aa1-423f-4245-8aff-c8224faa612d,experiment_1,Manhattan,open
bed3a81b-cbfd-49b8-875e-f7236cc8ac1f,a40c50e5-0d70-4359-8b4f-576784448121,2019-10-08 15:57:29,30-39,2bd74aa1-423f-4245-8aff-c8224faa612d,experiment_1,Manhattan,#_of_users
c4d30da1-c1b2-45c4-af1e-2047a73b7b4d,a40c50e5-0d70-4359-8b4f-576784448121,2019-10-08 15:58:24,30-39,2bd74aa1-423f-4245-8aff-c8224faa612d,experiment_1,Manhattan,search
15f9dbea-3090-4bba-b2cd-b813faad3825,a40c50e5-0d70-4359-8b4f-576784448121,2019-10-12 04:09:47,18-29,f7923549-dc90-4dcf-9140-02f504d6aa19,control,Manhattan,open
82c889b6-8132-4232-a6df-da846c47fa2c,a40c50e5-0d70-4359-8b4f-576784448121,2019-10-05 16:15:59,30-39,164c64f7-03b3-4f14-8bb6-e7e8ddcc3a37,experiment_1,Manhattan,open
57a98592-b11c-41cb-b648-1c3f9e548b31,a40c50e5-0d70-4359-8b4f-576784448121,2019-10-05 16:16:57,30-39,164c64f7-03b3-4f14-8bb6-e7e8ddcc3a37,experiment_1,Manhattan,#_of_users
42b3f9f0-153f-45c3-a22e-91cdf0d1eb8a,a40c50e5-0d70-4359-8b4f-576784448121,2019-10-06 21:25:20,40-49,1c7ee3ab-3053-4b7b-906e-08ba1e3a75f4,control,Manhattan,open
31bf110b-2e43-49eb-8b5e-f5aea93d4bc9,a40c50e5-0d70-4359-8b4f-576784448121,2019-10-06 21:26:38,40-49,1c7ee3ab-3053-4b7b-906e-08ba1e3a75f4,control,Manhattan,#_of_users
9360225c-fd92-4516-93c3-d608cf20a428,a40c50e5-0d70-4359-8b4f-576784448121,2019-10-06 21:27:03,40-49,1c7ee3ab-3053-4b7b-906e-08ba1e3a75f4,control,Manhattan,search
007d1bf1-6580-4ce6-9201-72f2d2f2d049,ce05d51b-cf64-431a-94d4-f92c8484b057,2019-10-11 21:39:12,50+,3a67d029-9ab0-4e10-aece-939690514fc8,control,Manhattan,open
e8243420-ee7c-43a7-96aa-35d222fd9716,ce05d51b-cf64-431a-94d4-f92c8484b057,2019-10-10 05:54:08,40-49,c93e844a-f8f7-47de-aed6-d011d30551a4,experiment_1,Manhattan,open
d76e37d2-1609-4a12-be75-5a97a14974a0,ce05d51b-cf64-431a-94d4-f92c8484b057,2019-10-08 14:17:07,50+,568bacf2-29b3-4810-8f6b-3234f4fb8a7d,control,Manhattan,open
06d73893-4c14-40f5-8e7a-bc3880b244a7,ce05d51b-cf64-431a-94d4-f92c8484b057,2019-10-08 14:17:55,50+,568bacf2-29b3-4810-8f6b-3234f4fb8a7d,control,Manhattan,#_of_users
218a8526-1aa5-4c1a-9455-caffcdd191d2,2bb60a92-8747-482e-b648-9b2626257e2a,2019-10-05 21:14:45,40-49,52d4ecc4-cc48-48fa-b884-f98d0c466da7,experiment_1,Brooklyn,open
4097e3b6-6d9c-420a-8780-ea5996c351b7,2bb60a92-8747-482e-b648-9b2626257e2a,2019-10-11 19:05:35,30-39,dbaaaa96-667e-4152-b1d7-84cd740cd34b,experiment_1,Brooklyn,open
8b10cacc-98ce-43c1-b631-828a186f138d,2bb60a92-8747-482e-b648-9b2626257e2a,2019-10-08 11:44:32,50+,8994dbf9-1090-427d-b146-231df088009d,control,Brooklyn,open
3ca8351a-534a-45f2-8778-568f83bd1a81,4e016843-cd64-4318-b0d3-6516a2069333,2019-10-12 01:05:03,40-49,84d21851-bcfe-4ff0-a45d-882f66ddd795,control,Manhattan,open
86db1f1b-7e7b-46b0-8f52-18615507f2d8,4e016843-cd64-4318-b0d3-6516a2069333,2019-10-05 18:13:16,50+,c95d201e-65a4-447d-8130-76f6c39ad782,control,Manhattan,open
2b33936c-a187-4675-a867-4a4d8c361f84,4e016843-cd64-4318-b0d3-6516a2069333,2019-10-11 16:03:22,50+,a138e0a1-8e59-4bc5-b5f5-97f74f5b498e,control,Manhattan,open
eef9423f-5697-4386-b410-5205b3544bb5,4e016843-cd64-4318-b0d3-6516a2069333,2019-10-11 16:04:15,50+,a138e0a1-8e59-4bc5-b5f5-97f74f5b498e,control,Manhattan,#_of_users
076cb4f0-951d-4bb1-97d2-ad888e4f02ab,4e016843-cd64-4318-b0d3-6516a2069333,2019-10-11 16:06:15,50+,a138e0a1-8e59-4bc5-b5f5-97f74f5b498e,control,Manhattan,search
28397ec3-367c-4928-b6a9-f876616cc2e4,4e016843-cd64-4318-b0d3-6516a2069333,2019-10-09 14:09:31,40-49,b40ccf84-7e42-4eb9-9c51-9d10fc9f0921,experiment_1,Manhattan,open
2ee7820b-96db-4a58-8685-d6e9ce1087d0,4e016843-cd64-4318-b0d3-6516a2069333,2019-10-08 07:41:40,18-29,b547d58f-4db5-4885-ba12-5d23ea682abb,experiment_1,Manhattan,open
f5e3a8bb-81e6-4cdf-95b9-a12ec9384f9d,4e016843-cd64-4318-b0d3-6516a2069333,2019-10-08 07:45:33,18-29,b547d58f-4db5-4885-ba12-5d23ea682abb,experiment_1,Manhattan,#_of_users
be9b9b21-2cec-4f47-9548-106365db6e38,3d1c1a4c-6886-49bc-afbd-c949e69dcffa,2019-10-11 01:06:15,18-29,a54b74c3-9d8e-40f2-8545-6dbeaf6d309b,experiment_3,Manhattan,open
cc5330dc-a8fd-456f-94ce-6761400c4420,3d1c1a4c-6886-49bc-afbd-c949e69dcffa,2019-10-11 21:43:34,50+,480c0558-9ec0-450d-abb1-b2fc638ad091,experiment_3,Manhattan,open
0c8c83a2-98c1-42f2-ab97-b5b88b1fcef2,3d1c1a4c-6886-49bc-afbd-c949e69dcffa,2019-10-11 21:46:06,50+,480c0558-9ec0-450d-abb1-b2fc638ad091,experiment_3,Manhattan,#_of_users
fa3c1764-651e-48c8-bb09-d26c0079f19c,3d1c1a4c-6886-49bc-afbd-c949e69dcffa,2019-10-10 04:53:33,18-29,0602c8d0-fd33-4630-a0d1-ac505100c6c8,experiment_2,Manhattan,open
c087868b-4c35-41a4-a5b2-9c933972d9a5,3d1c1a4c-6886-49bc-afbd-c949e69dcffa,2019-10-10 04:53:56,18-29,0602c8d0-fd33-4630-a0d1-ac505100c6c8,experiment_2,Manhattan,#_of_users